Time,MKAKLLVLLCAFTATDADTICIGYHANNSTDTVDTVLEKNVTVTHSVNLLEDSHNGKLCRLKGIAPLQLGNCSIAGWILGNPECESLFSKESWSYIAETPNSENGTCYPGYFADYEELREQLSSVSSFERFEIFPKESSWPNHTVTKGVTAACSHNGKSSFYRNLLWLTEKNGLYPNLSKSYVNNKEKEVLVLWGVHHPSNIGDQRAIYHTENAYVSVVSSHYSRRFTPEIAKRPKVRGQEGRINYYWTLLEPGDTIIFEANGNLIAPWYAFALSRGFGSGIITSNASMDECDAKCQTPQGAINSSLPFQNVHPVTIGECPKYVRSTKLRMVTGLRNIPSVQSRGLFGAIAGFIEGGWTGMIDGWYGYHHQNEQGSGYAADQKSTQNAINGITNKVNSVIEKMNTQFTAVGKEFNKLERRMENLNKKVDDGFLDIWTYNAELLVLLENERTLDFHDSNVKNLYEKVKSQLKNNAKEIGNGCFEFYHKCNNECMESVKNGTYDYPKYSEESKLNREKIDGVKLESMGVYQILAIYSTVASSLVLLVSLGAISFWMCSNGSLQCRICI,MKADLLMLLCMFTATDADTIPLHYHGANSTDTVDTTLEKNVTVTHSVNLLEDSHNGKLCRLKGRSPLQQGDCSIALWILGNPEKESLFIKESPSYIAETPWSEDGTCYPGYFADYEMLRAELSSVSRCPRFHIFPKESSWPDHIATMGVTAACSVPCKEKSPRNYSWDPIKNYLYVNISKSYVNAKEKEWSVLWGVHYHSNIDDQEVIYHVLCDYVSVESSHISRRPTPPIAKRPKVRGLEQRINYDWQLLEKGDIIIFEANGNLIAPYLAFALWHGFGSGIITSNASMDECVAKCNTPQGALTFSLPFQNVHLVTIGECPKYVRCTKLRMVPGSRNIPSVQSRGLFGAIAGFIEGGWTVMWDGEYGYHIPNEQGGGYAASVKSTQPAIDGMTNKVNSVIVKMNGQFTTVHEEFNKLERSMKNLNKVVDDGFLFVWTYMAEFLRLHEICRTLDFHDSNKKNLYEPCKWQLKNNAKEINNICELFYHKCNNESCESVQNVTYDYPIYWEESKLNRKKIDGSKLEMEGVKDILAITSTVASSQVKLVSLGAISFHMNQAGSLQCEICM,MKAKLLVLLCAFTWTDAITIYIGYEANNSTQTVDTVLEKNVTVGNSVNLLEDSHNGKLCRLKGIAPLQLGNCSSAGWWLGNPECESLFSFSSWSYIAETPNSENGTCYPGYFADYEELREQLSSVSSFERFEIFPKESSWPHHTVTKGVTAACSHNGKSSFYRNLLWLTEKNGLYPNLSKSYVNNKEKEVLVLWGVHHPSNIGDQRAIYHTENAYVSVVSSHYSRRFTPEIAKRPKVRGQAGRINYYWTLLEPGDTIIFEANGNLIAPWYAFALSRGFGSGIITSNASMDECDAKCQTPQGWINSSLPFQNVHPVTIGECPKYVRSTKLRMVTGLRNIPSVQLRGLFGAIAGVIEGGWTGMIDGWYGYHHQNEQGSGYAVDQKSTQNAINGITNKVNSVIEKMNTYFTAVGKEFNKLERRMENLNKKVDDGFLDIWTYNAELLVLLENERTLDFHDSNVKNLYEKVKSQLNNNIKEIGNGCFEFYHKCNNECMESVKNGPYDYPKYSEESKTNREKIDGVKLESMGVYQILAIYSTVASSLVLLVSLGAISFWMCSNGSLQCRICI,MKAKLLVLLCAFTATDADTICIGYHANNSTDTVDTVLEKNVTVTHSVNLLEDSHNGKLCRLKGIAPLQLGNCSIAGWILGNPECESLFSKESWSYIAETPNSENGTCYPGYFADYEELREQLSSVSSFERFEIFPKESSWPNHTVTKGVTAACSHNTKSSFYRNLLWLTEKNGLYPNLSKSYVNNKEKEVLVLWGVHHPSNIGDQRAIYHTENAYVSVVSSHYSRRFTPEIAKRPKVRGQEGRINYYWTWLEPGDTIIFEANGNLIAPWYAFALSRGFGSGIITSNASMDECDAKCQTPQGAINSSLPFQNVHPVTIGECPKYVRSTKLTMVTGLRNIPSVQSRGLFGAIAGFIEGGWTGMIDGWYGYHHQNEQGSGYAADQKSTQNAINGITNKVNSVIEKMNTQFTAVGKEFNKLERRMENLNKKVDDGFLDIWTYNAELLVLLENERTLDFHDSNVKNLYEKVKSQLKNNAKEIGNGCFEFYHKCNNECMESVKNGTYDYPKYSEESKLNREKIDGVKLESMGVYQILAIYSTVASSLVLLVSLGAISFWMCSNGSLQCRICI,MKADLLMLLLMFTATDADTIPLHYHGNFSTDTVDTTLEKNVTVTHSVNLLEDSHNGKFCRGKGRSPLQQGDCSIALWILGNPEKESLFIKESPSYIAETPNPEDYTCYLGYFQDYEMLRAELSSVSRCPRFHIFPKESSWPDHIATMGGTAACSVPCKEKSRRNNSWLPIKNYLAVNISKSYVNAKEKEWSVLWGVHYHSNIDDQEVIYLVSCDYVSVESSHISRRPTPKIAKMPKVRGLEQRQNYWWQLLEKGDIIIFEANGNLGAPYLMFALWHGFLSFIITSNASMDEEVAKCNTPQGALTFSLPAQNVHLPTIGECPKYVRWTKLRMVPGSRNICSSQSRGLFGAIAGFIEGGWTGMWDGEYGYHIPNEQGGGGAASVKSTQPAIDGMTNKVNSVIVKMNSQFTTVHEEFNKLERSMKNLNKVVDDGFLFVWTYMAEFLTLHEICRTLDFHDSNKKNNYEPCKEQLKNNAPEINNICELFYHKCNNESCESVQNVTYDYPIYWEESKLNRKKIDGSKLEMEGVKDILAITSTVDSSQVKLVSLGAISFHMCQAGSLQCEICM,MKFMCPVLLCADTAAQADTICFQYKANLSTDTRDTVLRKNVTVTHSTELLEDFHNGELCRLKGIKNLRLYNCSIAFHILGRTECESHFSKESWLYNAETINKENGTCYPGGFAQDEELREQLSSDSSFETFHIFPKEYSWPNHTVTLWHVAWCSHVGYMSFYRNLLWFYEPGEVYPNRSSYEVNNKEQEPSVDWGVHMPSNIPDTRHIYQTENADVSVHSSFYSRRFTPEIAKRIIVRHQEGRFNYTWTLLHMYITIISEALGKLIAPQYAFALSRTGIMCIPLSNASMDEVMRQGNTPSGAINKSEPFDNVHWVTIGECPKYNRCTTQRFPTRLRNVPSVQGRGLFFAIAGLIDGHWTGMIDGWYGYHHINTQGSIYTADQKSTGNPINGITVKVYSVIEKMNTHFTIVGKEYNQLIRRPENLNKKVDDGFYDIWTYNPELWVLLENQRSHDFHNSNVKNLYEKVKSQLKNAAKVIGMGWYHNYHKCSNEKMLPVKNGFVDYRKKSRCSKMNHENILGVKFELMGVYQNLAIYATVASSLVLEVSLGAISFSPCSQGTLQCRICI,MKFMLPVLLCADTAADADTICFQYKANLSTTTRDTVLRKNVTVTHSTELLEDFHNGELCRLKGIKNLRLYNCSIAGHILGRTECESHFSKESWLYNAETINKENGTCYPGYFAQDEELREQLSSDSSFETFEIFPKEYSWPNHTVTLLHVATCSHVRYMSFYRNLLWFYEPGEVYNNRSSYEVRNKEQEPSVDWGVHMPSNIPDTRHIDQTENADVSVVSSFYSRRFTPEIAKRIIVRHQEGRINYTWTLLHCYITIISEALGKLIAPQYAFALSRTGIMCIDLSNASMDEVMRQGNTPSGAINKSLPFDNVHPVTIGECPKYNRCTTQRFPTRLRNVPSVQGRGLFFAMAGLIDGHWTGMIDGWYGYHHQNTQGGIYTADQKSTQNPINGVTVKVNSSIEKMNTHFTIVKKEYWQLIRRPENLNKKVDDGFYDIWTYNPELWVLLENPRSHDFHNSNVKNLYEKVKSQLKNRAKVIGMGWFHFYHKCSNEKMLPVKNGFVDYRKKSACSKMNHENILGVKMELMGVYQILAIYATVASSLVLEVSLGAISFWPCSQGTLQCRIMI,MKAKLLVLLCAFTATDADTICIGYHANNSTDTVDTVLEKNVTVTHSVNLLEDSANGKLCRLKGIAPLQLGNCSIRGWILGNPECESLFSKEQWSYIAETPNSENGTCYPGYFADYEELREQLSSVSSFERFEIFPKESSWPNHTVTKGVTAACSHNGKSSFYRNLLWLTEKNGLYPNLSKSYVNNKEKEVLVLWGVHHPSNIGDQRAIYHTENAYVSVVSSHYSRRFTPEIAKRPKVRGQEGRINYYWTLLEPGDTIIFEANGNLIGPWYARALSRGFGSGIITSNASMDECDAKCQTPQGAINSSLPFQNVHPVTIGECPKYVRSTKLRMVTGLRNIPSVQSRGLFGAIAGFIEGGWTGMIDGWYGYHHQNEQGSGYAADQKSTQNAINGITNKVNSVIEKMNTQFTAVGKEFNKLERRMENLNKKVDDGFLDIWTYNAELLVLLENERTLDFHDSNVKNLYEKVKSQLKNNAKEIGNGCFEFYHKCNNECMESVKNGTYDYPKYSEESKLNREKIDGVKLESMGVYQILAIYSTVASSLVLLVSLGAISFWMCSNGSLQCRICI,Other,Total
0.0,0,0,0,0,0,0,0,0,0,0
10.0,1,0,0,0,0,0,0,0,0,1
20.0,22,0,0,1,0,0,0,0,64,87
30.0,14,0,0,1,0,0,0,0,46,61
40.0,4,0,0,0,0,0,0,0,14,18
50.0,1,0,0,0,0,0,0,0,6,7
60.0,0,0,0,0,0,0,0,0,0,0
70.0,0,0,0,0,0,0,0,0,0,0
80.0,0,0,0,0,0,0,0,0,0,0
90.0,0,0,0,0,0,0,0,0,0,0
100.0,0,0,0,0,0,0,0,0,0,0
110.0,0,0,0,0,0,0,0,0,0,0
120.0,0,0,0,0,0,0,0,0,0,0
130.0,0,0,0,0,0,0,0,0,0,0
140.0,0,0,0,0,0,0,0,0,0,0
150.0,0,0,0,0,0,0,0,0,0,0
160.0,0,0,0,0,0,0,0,0,1,1
170.0,0,0,0,0,0,0,0,0,5,5
180.0,0,0,0,0,0,0,0,0,7,7
190.0,0,0,0,0,0,0,0,0,9,9
200.0,0,0,0,0,0,0,0,0,15,15
210.0,0,0,0,0,0,0,0,0,9,9
220.0,0,0,0,0,0,0,0,0,10,10
230.0,0,0,0,0,0,0,0,0,5,5
240.0,0,0,0,0,0,0,0,0,7,7
250.0,0,0,0,0,0,0,0,0,4,4
260.0,0,0,0,0,0,0,0,0,5,5
270.0,0,0,0,0,0,0,0,0,2,2
280.0,0,0,0,0,0,0,0,0,3,3
290.0,0,0,0,0,0,0,0,0,3,3
300.0,0,0,0,0,0,0,0,0,4,4
310.0,0,0,0,0,0,0,0,0,3,3
320.0,0,0,0,0,0,0,0,0,4,4
330.0,0,0,0,0,0,0,0,0,2,2
340.0,0,0,0,0,0,0,0,0,5,5
350.0,0,0,0,0,0,0,0,0,4,4
360.0,0,0,0,0,0,0,0,1,5,6
370.0,0,0,0,0,0,0,0,0,4,4
380.0,0,0,0,0,0,0,0,0,2,2
390.0,0,0,0,0,0,0,0,0,3,3
400.0,0,0,0,0,0,0,0,0,7,7
410.0,0,0,0,0,0,0,0,0,5,5
420.0,0,0,0,0,0,0,0,0,3,3
430.0,0,0,0,0,0,0,0,0,7,7
440.0,0,0,0,0,0,0,0,0,4,4
450.0,0,0,0,0,0,0,0,0,7,7
460.0,0,0,0,0,0,0,0,0,4,4
470.0,0,0,0,0,0,0,0,0,1,1
480.0,0,0,0,0,0,0,0,0,3,3
490.0,0,0,0,0,0,0,0,0,3,3
500.0,0,0,0,0,0,0,0,0,4,4
510.0,0,0,0,0,0,0,0,0,4,4
520.0,0,0,0,0,0,0,0,0,2,2
530.0,0,0,0,0,0,0,0,0,3,3
540.0,0,0,0,0,0,0,0,0,3,3
550.0,0,0,0,0,0,0,0,0,2,2
560.0,0,0,0,0,0,0,0,0,5,5
570.0,0,0,0,0,0,0,0,0,5,5
580.0,0,0,0,0,0,0,0,0,3,3
590.0,0,0,0,0,0,0,0,0,6,6
600.0,0,0,0,0,0,0,0,0,6,6
610.0,0,0,0,0,0,0,0,0,5,5
620.0,0,0,0,0,0,0,0,0,5,5
630.0,0,0,0,0,0,0,0,0,5,5
640.0,0,0,0,0,0,0,0,0,4,4
650.0,0,0,0,0,0,0,0,0,3,3
660.0,0,0,0,0,0,0,0,0,6,6
670.0,0,0,0,0,0,0,0,0,4,4
680.0,0,0,0,0,0,0,0,0,3,3
690.0,0,0,0,0,0,0,0,0,6,6
700.0,0,0,0,0,0,0,0,0,4,4
710.0,0,0,0,0,0,0,0,0,9,9
720.0,0,0,0,0,0,0,0,0,4,4
730.0,0,0,0,0,0,0,0,0,5,5
740.0,0,0,0,0,0,0,0,0,3,3
750.0,0,0,0,0,0,0,0,0,7,7
760.0,0,0,0,0,0,0,0,0,8,8
770.0,0,0,0,0,0,0,0,0,1,1
780.0,0,0,0,0,0,0,0,0,4,4
790.0,0,0,0,0,0,0,0,0,0,0
800.0,0,0,0,0,0,0,0,0,2,2
810.0,0,0,0,0,0,0,0,0,1,1
820.0,0,0,0,0,0,0,0,0,3,3
830.0,0,0,0,0,0,0,0,0,3,3
840.0,0,0,0,0,0,0,0,0,5,5
850.0,0,0,0,0,0,0,0,0,4,4
860.0,0,0,0,0,0,0,0,0,5,5
870.0,0,0,0,0,0,0,0,0,4,4
880.0,0,0,0,0,0,0,0,0,4,4
890.0,0,0,0,0,0,0,0,0,2,2
900.0,0,0,0,0,0,0,0,0,8,8
910.0,0,0,0,0,0,0,0,0,6,6
920.0,0,0,0,0,0,0,0,0,6,6
930.0,0,0,0,0,0,0,0,0,3,3
940.0,0,0,0,0,0,0,0,0,2,2
950.0,0,0,0,0,0,0,0,0,0,0
960.0,0,0,0,0,0,0,0,0,5,5
970.0,0,0,0,0,0,0,0,0,2,2
980.0,0,0,0,0,0,0,0,0,5,5
990.0,0,0,0,0,0,0,0,0,2,2
1000.0,0,0,0,0,0,0,0,0,1,1
1010.0,0,0,0,0,0,0,0,0,1,1
1020.0,0,0,0,0,0,0,0,0,0,0
1030.0,0,0,0,0,0,0,0,0,3,3
1040.0,0,0,0,0,0,0,0,0,1,1
1050.0,0,0,0,0,0,0,0,0,2,2
1060.0,0,0,0,0,0,0,0,0,1,1
1070.0,0,0,0,0,0,0,0,0,6,6
1080.0,0,0,0,0,0,0,0,0,2,2
1090.0,0,0,0,0,0,0,0,0,2,2
1100.0,0,0,0,0,0,0,0,0,4,4
1110.0,0,0,0,0,0,0,0,0,7,7
1120.0,0,0,0,0,0,0,0,0,7,7
1130.0,0,0,0,0,0,0,0,0,5,5
1140.0,0,0,0,0,0,0,0,0,4,4
1150.0,0,0,0,0,0,0,0,0,5,5
1160.0,0,0,0,0,0,0,0,0,1,1
1170.0,0,0,0,0,0,0,0,0,1,1
1180.0,0,0,0,0,0,0,0,0,6,6
1190.0,0,0,1,0,0,0,0,0,7,8
1200.0,0,0,0,0,0,0,0,0,3,3
1210.0,0,0,0,0,0,0,0,0,1,1
1220.0,0,0,0,0,0,0,0,0,2,2
1230.0,0,0,0,0,0,0,0,0,3,3
1240.0,0,0,0,0,0,0,0,0,3,3
1250.0,0,0,0,0,0,0,0,0,3,3
1260.0,0,0,0,0,0,0,0,0,4,4
1270.0,0,0,0,0,0,0,0,0,2,2
1280.0,0,0,0,0,0,0,0,0,5,5
1290.0,0,0,0,0,0,0,0,0,7,7
1300.0,0,0,0,0,0,0,0,0,6,6
1310.0,0,0,0,0,0,0,0,0,7,7
1320.0,0,0,0,0,0,0,0,0,4,4
1330.0,0,0,0,0,0,0,0,0,4,4
1340.0,0,0,0,0,0,0,0,0,4,4
1350.0,0,0,0,0,0,0,0,0,4,4
1360.0,0,0,0,0,0,0,0,0,2,2
1370.0,0,0,0,0,0,0,0,0,3,3
1380.0,0,0,0,0,0,0,0,0,4,4
1390.0,0,0,0,0,0,0,0,0,2,2
1400.0,0,0,0,0,0,0,0,0,2,2
1410.0,0,0,0,0,0,0,0,0,1,1
1420.0,0,0,0,0,0,0,0,0,3,3
1430.0,0,0,0,0,0,0,0,0,2,2
1440.0,0,0,0,0,0,0,0,0,3,3
1450.0,0,0,0,0,0,0,0,0,2,2
1460.0,0,0,0,0,0,0,0,0,2,2
1470.0,0,0,0,0,0,0,0,0,5,5
1480.0,0,0,0,0,0,0,0,0,3,3
1490.0,0,0,0,0,0,0,0,0,7,7
1500.0,0,0,0,0,0,0,0,0,3,3
1510.0,0,0,0,0,0,0,0,0,3,3
1520.0,0,0,0,0,0,0,0,0,3,3
1530.0,0,0,0,0,0,0,0,0,2,2
1540.0,0,0,0,0,0,0,0,0,4,4
1550.0,0,0,0,0,0,0,0,0,2,2
1560.0,0,0,0,0,0,0,0,0,4,4
1570.0,0,0,0,0,0,0,0,0,3,3
1580.0,0,0,0,0,0,0,0,0,3,3
1590.0,0,0,0,0,0,0,0,0,2,2
1600.0,0,0,0,0,0,0,0,0,5,5
1610.0,0,0,0,0,0,0,0,0,6,6
1620.0,0,0,0,0,0,0,0,0,3,3
1630.0,0,0,0,0,0,0,0,0,6,6
1640.0,0,0,0,0,0,0,0,0,6,6
1650.0,0,0,0,0,0,0,0,0,4,4
1660.0,0,0,0,0,0,0,0,0,5,5
1670.0,0,0,0,0,0,0,0,0,4,4
1680.0,0,0,0,0,0,0,0,0,3,3
1690.0,0,0,0,0,0,0,0,0,4,4
1700.0,0,0,0,0,0,0,0,0,7,7
1710.0,0,0,0,0,0,0,0,0,2,2
1720.0,0,0,0,0,0,0,0,0,3,3
1730.0,0,0,0,0,0,0,0,0,5,5
1740.0,0,0,0,0,0,0,0,0,4,4
1750.0,0,0,0,0,0,0,0,0,5,5
1760.0,0,0,0,0,0,0,0,0,4,4
1770.0,0,0,0,0,0,0,0,0,2,2
1780.0,0,0,0,0,0,0,0,0,1,1
1790.0,0,0,0,0,0,0,0,0,4,4
1800.0,0,0,0,0,0,0,0,0,4,4
1810.0,0,0,0,0,0,0,0,0,2,2
1820.0,0,0,0,0,0,0,0,0,2,2
1830.0,0,0,0,0,0,0,0,0,6,6
1840.0,0,0,0,0,0,0,0,0,3,3
1850.0,0,0,0,0,0,0,0,0,3,3
1860.0,0,0,0,0,0,0,0,0,3,3
1870.0,0,0,0,0,0,0,0,0,3,3
1880.0,0,0,0,0,0,0,0,0,3,3
1890.0,0,0,0,0,0,0,0,0,4,4
1900.0,0,0,0,0,0,0,0,0,2,2
1910.0,0,0,0,0,0,0,0,0,3,3
1920.0,0,0,0,0,0,0,0,0,1,1
1930.0,0,0,0,0,0,0,0,0,6,6
1940.0,0,0,0,0,0,0,0,0,2,2
1950.0,0,0,0,0,0,0,0,0,5,5
1960.0,0,0,0,0,0,0,0,0,5,5
1970.0,0,0,0,0,0,0,0,0,1,1
1980.0,0,0,0,0,0,0,0,0,1,1
1990.0,0,0,0,0,0,0,0,0,4,4
2000.0,0,0,0,0,0,0,0,0,4,4
2010.0,0,0,0,0,0,0,0,0,4,4
2020.0,0,0,0,0,0,0,0,0,3,3
2030.0,0,0,0,0,0,0,0,0,3,3
2040.0,0,0,0,0,0,0,0,0,3,3
2050.0,0,0,0,0,0,0,0,0,3,3
2060.0,0,0,0,0,0,0,0,0,3,3
2070.0,0,0,0,0,0,0,0,0,5,5
2080.0,0,0,0,0,0,0,0,0,3,3
2090.0,0,0,0,0,0,0,0,0,5,5
2100.0,0,0,0,0,0,0,0,0,4,4
2110.0,0,0,0,0,0,0,0,0,1,1
2120.0,0,0,0,0,0,0,0,0,2,2
2130.0,0,0,0,0,0,0,0,0,2,2
2140.0,0,0,0,0,0,0,0,0,3,3
2150.0,0,0,0,0,0,0,0,0,4,4
2160.0,0,0,0,0,0,0,0,0,1,1
2170.0,0,0,0,0,0,0,0,0,5,5
2180.0,0,0,0,0,0,0,0,0,5,5
2190.0,0,0,0,0,0,0,0,0,4,4
2200.0,0,0,0,0,0,0,0,0,4,4
2210.0,0,0,0,0,0,0,0,0,4,4
2220.0,0,0,0,0,0,0,0,0,2,2
2230.0,0,0,0,0,0,0,0,0,3,3
2240.0,0,0,0,0,0,0,0,0,1,1
2250.0,0,0,0,0,0,0,0,0,2,2
2260.0,0,0,0,0,0,0,0,0,1,1
2270.0,0,0,0,0,0,0,0,0,2,2
2280.0,0,0,0,0,0,0,0,0,5,5
2290.0,0,0,0,0,0,0,0,0,5,5
2300.0,0,0,0,0,0,0,0,0,4,4
2310.0,0,0,0,0,0,0,0,0,1,1
2320.0,0,0,0,0,0,0,0,0,1,1
2330.0,0,0,0,0,0,0,0,0,1,1
2340.0,0,0,0,0,0,0,0,0,5,5
2350.0,0,0,0,0,0,0,0,0,6,6
2360.0,0,0,0,0,0,0,0,0,6,6
2370.0,0,0,0,0,0,0,0,0,2,2
2380.0,0,0,0,0,0,0,0,0,4,4
2390.0,0,0,0,0,0,0,0,0,3,3
2400.0,0,0,0,0,0,0,0,0,1,1
2410.0,0,0,0,0,0,0,0,0,6,6
2420.0,0,0,0,0,0,0,0,0,4,4
2430.0,0,0,0,0,0,0,0,0,5,5
2440.0,0,0,0,0,0,0,0,0,5,5
2450.0,0,0,0,0,0,0,0,0,1,1
2460.0,0,0,0,0,0,0,0,0,0,0
2470.0,0,0,0,0,0,0,0,0,2,2
2480.0,0,0,0,0,0,0,0,0,2,2
2490.0,0,0,0,0,0,0,0,0,5,5
2500.0,0,0,0,0,0,0,0,0,2,2
2510.0,0,0,0,0,0,0,0,0,4,4
2520.0,0,0,0,0,0,0,0,0,2,2
2530.0,0,0,0,0,0,0,0,0,4,4
2540.0,0,0,0,0,0,0,0,0,4,4
2550.0,0,0,0,0,0,0,0,0,5,5
2560.0,0,0,0,0,0,0,0,0,6,6
2570.0,0,0,0,0,0,0,0,0,6,6
2580.0,0,0,0,0,0,0,0,0,6,6
2590.0,0,0,0,0,0,0,0,0,6,6
2600.0,0,0,0,0,0,0,0,0,2,2
2610.0,0,0,0,0,0,0,0,0,1,1
2620.0,0,0,0,0,0,0,0,0,1,1
2630.0,0,0,0,0,0,0,0,0,2,2
2640.0,0,0,0,0,0,0,0,0,2,2
2650.0,0,0,0,0,0,0,0,0,2,2
2660.0,0,0,0,0,0,0,0,0,1,1
2670.0,0,0,0,0,0,0,0,0,0,0
2680.0,0,0,0,0,0,0,0,0,2,2
2690.0,0,0,0,0,0,0,0,0,3,3
2700.0,0,0,0,0,0,0,0,0,1,1
2710.0,0,0,0,0,0,0,0,0,0,0
2720.0,0,0,0,0,0,0,0,0,2,2
2730.0,0,0,0,0,0,0,0,0,2,2
2740.0,0,0,0,0,0,0,0,0,2,2
2750.0,0,0,0,0,0,0,0,0,5,5
2760.0,0,0,0,0,0,0,0,0,3,3
2770.0,0,0,0,0,0,0,0,0,1,1
2780.0,0,0,0,0,0,0,0,0,8,8
2790.0,0,0,0,0,0,0,0,0,4,4
2800.0,0,0,0,0,0,0,0,0,9,9
2810.0,0,0,0,0,0,0,0,0,9,9
2820.0,0,0,0,0,0,0,0,0,3,3
2830.0,0,0,0,0,0,0,0,0,5,5
2840.0,0,0,0,0,0,0,0,0,2,2
2850.0,0,0,0,0,0,0,0,0,1,1
2860.0,0,0,0,0,0,0,0,0,4,4
2870.0,0,0,0,0,0,0,0,0,4,4
2880.0,0,0,0,0,0,0,0,0,2,2
2890.0,0,0,0,0,0,0,0,0,1,1
2900.0,0,0,0,0,0,0,0,0,3,3
2910.0,0,0,0,0,0,0,0,0,3,3
2920.0,0,0,0,0,0,0,0,0,0,0
2930.0,0,0,0,0,0,0,0,0,2,2
2940.0,0,0,0,0,0,0,0,0,1,1
2950.0,0,0,0,0,0,0,0,0,1,1
2960.0,0,0,0,0,0,0,0,0,4,4
2970.0,0,0,0,0,0,0,0,0,3,3
2980.0,0,0,0,0,0,0,0,0,2,2
2990.0,0,0,0,0,0,0,0,0,2,2
3000.0,0,0,0,0,0,0,0,0,1,1
3010.0,0,0,0,0,0,0,0,0,1,1
3020.0,0,0,0,0,0,0,0,0,2,2
3030.0,0,0,0,0,0,0,0,0,0,0
3040.0,0,0,0,0,0,0,0,0,1,1
3050.0,0,0,0,0,0,0,0,0,5,5
3060.0,0,0,0,0,0,0,0,0,6,6
3070.0,0,0,0,0,0,0,0,0,5,5
3080.0,0,0,0,0,0,0,0,0,2,2
3090.0,0,0,0,0,0,0,0,0,1,1
3100.0,0,0,0,0,0,0,0,0,1,1
3110.0,0,0,0,0,0,0,0,0,2,2
3120.0,0,0,0,0,0,0,0,0,6,6
3130.0,0,0,0,0,0,0,0,0,3,3
3140.0,0,0,0,0,0,0,0,0,3,3
3150.0,0,0,0,0,0,0,0,0,3,3
3160.0,0,0,0,0,0,0,0,0,7,7
3170.0,0,0,0,0,0,0,0,0,4,4
3180.0,0,0,0,0,0,0,0,0,3,3
3190.0,0,0,0,0,0,0,0,0,3,3
3200.0,0,0,0,0,0,0,0,0,1,1
3210.0,0,0,0,0,0,0,0,0,1,1
3220.0,0,0,0,0,0,0,0,0,2,2
3230.0,0,0,0,0,0,0,0,0,2,2
3240.0,0,0,0,0,0,0,0,0,3,3
3250.0,0,0,0,0,0,0,0,0,4,4
3260.0,0,0,0,0,0,0,0,0,5,5
3270.0,0,0,0,0,0,0,0,0,3,3
3280.0,0,0,0,0,0,0,0,0,4,4
3290.0,0,0,0,0,0,0,0,0,2,2
3300.0,0,0,0,0,0,0,0,0,4,4
3310.0,0,0,0,0,0,0,0,0,2,2
3320.0,0,0,0,0,0,0,0,0,1,1
3330.0,0,0,0,0,0,0,0,0,5,5
3340.0,0,0,0,0,0,0,0,0,6,6
3350.0,0,0,0,0,0,0,0,0,1,1
3360.0,0,0,0,0,0,0,0,0,2,2
3370.0,0,0,0,0,0,0,0,0,4,4
3380.0,0,0,0,0,0,0,0,0,2,2
3390.0,0,0,0,0,0,0,0,0,2,2
3400.0,0,0,0,0,0,0,0,0,1,1
3410.0,0,0,0,0,0,0,0,0,2,2
3420.0,0,0,0,0,0,0,0,0,2,2
3430.0,0,0,0,0,0,0,0,0,1,1
3440.0,0,0,0,0,0,0,0,0,3,3
3450.0,0,0,0,0,0,0,0,0,5,5
3460.0,0,0,0,0,0,0,0,0,4,4
3470.0,0,0,0,0,0,0,0,0,2,2
3480.0,0,0,0,0,0,0,0,0,1,1
3490.0,0,0,0,0,0,0,0,0,6,6
3500.0,0,0,0,0,0,0,0,0,2,2
3510.0,0,0,0,0,0,0,0,0,1,1
3520.0,0,0,0,0,0,0,0,0,1,1
3530.0,0,0,0,0,0,0,0,0,1,1
3540.0,0,0,0,0,0,0,0,0,1,1
3550.0,0,0,0,0,0,0,0,0,3,3
3560.0,0,0,0,0,0,0,0,0,4,4
3570.0,0,0,0,0,0,0,0,0,3,3
3580.0,0,0,0,0,0,0,0,0,2,2
3590.0,0,0,0,0,0,0,0,0,2,2
3600.0,0,0,0,0,0,0,0,0,0,0
3610.0,0,0,0,0,0,0,0,0,2,2
3620.0,0,0,0,0,0,0,0,0,1,1
3630.0,0,0,0,0,0,0,0,0,1,1
3640.0,0,0,0,0,0,0,0,0,2,2
3650.0,0,0,0,0,0,0,0,0,4,4
3660.0,0,0,0,0,0,0,0,0,1,1
3670.0,0,0,0,0,0,0,0,0,3,3
3680.0,0,0,0,0,0,0,0,0,5,5
3690.0,0,0,0,0,0,0,0,0,0,0
3700.0,0,0,0,0,0,0,0,0,3,3
3710.0,0,0,0,0,0,0,0,0,2,2
3720.0,0,0,0,0,0,0,0,0,3,3
3730.0,0,0,0,0,0,0,0,0,0,0
3740.0,0,0,0,0,0,0,0,0,3,3
3750.0,0,0,0,0,0,0,0,0,8,8
3760.0,0,0,0,0,0,0,0,0,3,3
3770.0,0,0,0,0,0,0,0,0,0,0
3780.0,0,0,0,0,0,0,0,0,1,1
3790.0,0,0,0,0,0,0,0,0,2,2
3800.0,0,0,0,0,0,0,0,0,2,2
3810.0,0,0,0,0,0,0,0,0,4,4
3820.0,0,0,0,0,0,0,0,0,5,5
3830.0,0,0,0,0,0,0,0,0,4,4
3840.0,0,0,0,0,0,0,0,0,6,6
3850.0,0,0,0,0,0,0,0,0,3,3
3860.0,0,0,0,0,0,0,0,0,2,2
3870.0,0,0,0,0,0,0,0,0,4,4
3880.0,0,0,0,0,0,0,0,0,3,3
3890.0,0,0,0,0,0,0,0,0,8,8
3900.0,0,0,0,0,0,0,0,0,5,5
3910.0,0,0,0,0,0,0,0,0,4,4
3920.0,0,0,0,0,0,0,0,0,3,3
3930.0,0,0,0,0,0,0,0,0,5,5
3940.0,0,0,0,0,0,0,0,0,3,3
3950.0,0,0,0,0,0,0,0,0,1,1
3960.0,0,0,0,0,0,0,0,0,8,8
3970.0,0,0,0,0,0,0,0,0,3,3
3980.0,0,0,0,0,0,0,0,0,3,3
3990.0,0,0,0,0,0,0,0,0,0,0
4000.0,0,0,0,0,0,0,0,0,2,2
4010.0,0,0,0,0,0,0,0,0,1,1
4020.0,0,0,0,0,0,0,0,0,1,1
4030.0,0,0,0,0,0,0,0,0,3,3
4040.0,0,0,0,0,0,0,0,0,4,4
4050.0,0,0,0,0,0,0,0,0,1,1
4060.0,0,0,0,0,0,0,0,0,2,2
4070.0,0,0,0,0,0,0,0,0,1,1
4080.0,0,0,0,0,0,0,0,0,0,0
4090.0,0,0,0,0,0,0,0,0,2,2
4100.0,0,0,0,0,0,0,0,0,4,4
4110.0,0,0,0,0,0,0,0,0,1,1
4120.0,0,0,0,0,0,0,0,0,2,2
4130.0,0,0,0,0,0,0,0,0,4,4
4140.0,0,0,0,0,0,0,0,0,3,3
4150.0,0,0,0,0,0,0,0,0,3,3
4160.0,0,0,0,0,0,0,0,0,3,3
4170.0,0,0,0,0,0,0,0,0,2,2
4180.0,0,0,0,0,0,0,0,0,5,5
4190.0,0,0,0,0,0,0,0,0,2,2
4200.0,0,0,0,0,0,0,0,0,0,0
4210.0,0,0,0,0,0,0,0,0,1,1
4220.0,0,0,0,0,0,0,0,0,3,3
4230.0,0,0,0,0,0,0,0,0,2,2
4240.0,0,0,0,0,0,0,0,0,0,0
4250.0,0,0,0,0,0,0,0,0,3,3
4260.0,0,0,0,0,0,0,0,0,2,2
4270.0,0,0,0,0,0,0,0,0,2,2
4280.0,0,0,0,0,0,0,0,0,5,5
4290.0,0,0,0,0,0,0,0,0,3,3
4300.0,0,0,0,0,0,0,0,0,1,1
4310.0,0,0,0,0,0,0,0,0,3,3
4320.0,0,0,0,0,0,0,0,0,4,4
4330.0,0,0,0,0,0,0,0,0,3,3
4340.0,0,0,0,0,0,0,0,0,2,2
4350.0,0,0,0,0,0,0,0,0,4,4
4360.0,0,0,0,0,0,0,0,0,2,2
4370.0,0,0,0,0,0,0,0,0,2,2
4380.0,0,0,0,0,0,0,0,0,5,5
4390.0,0,0,0,0,0,0,0,0,4,4
4400.0,0,0,0,0,0,0,0,0,1,1
4410.0,0,0,0,0,0,0,0,0,4,4
4420.0,0,0,0,0,0,0,0,0,1,1
4430.0,0,0,0,0,0,0,0,0,3,3
4440.0,0,0,0,0,0,0,0,0,3,3
4450.0,0,0,0,0,0,0,0,0,1,1
4460.0,0,0,0,0,0,0,0,0,2,2
4470.0,0,0,0,0,0,0,0,0,2,2
4480.0,0,0,0,0,0,0,0,0,4,4
4490.0,0,0,0,0,0,0,0,0,3,3
4500.0,0,0,0,0,0,0,0,0,0,0
4510.0,0,0,0,0,0,0,0,0,1,1
4520.0,0,0,0,0,0,0,0,0,1,1
4530.0,0,0,0,0,0,0,0,0,0,0
4540.0,0,0,0,0,0,0,0,0,1,1
4550.0,0,0,0,0,0,0,0,0,2,2
4560.0,0,0,0,0,0,0,0,0,5,5
4570.0,0,0,0,0,0,0,0,0,1,1
4580.0,0,0,0,0,0,0,0,0,1,1
4590.0,0,0,0,0,0,0,0,0,1,1
4600.0,0,0,0,0,0,0,0,0,3,3
4610.0,0,0,0,0,0,0,0,0,3,3
4620.0,0,0,0,0,0,0,0,0,0,0
4630.0,0,0,0,0,0,0,0,0,2,2
4640.0,0,0,0,0,0,0,0,0,2,2
4650.0,0,0,0,0,0,0,0,0,4,4
4660.0,0,0,0,0,0,0,0,0,2,2
4670.0,0,0,0,0,0,0,0,0,2,2
4680.0,0,0,0,0,0,0,0,0,3,3
4690.0,0,0,0,0,0,0,0,0,6,6
4700.0,0,0,0,0,0,0,0,0,4,4
4710.0,0,0,0,0,0,0,0,0,2,2
4720.0,0,0,0,0,0,0,0,0,3,3
4730.0,0,0,0,0,0,0,0,0,2,2
4740.0,0,0,0,0,0,0,0,0,2,2
4750.0,0,0,0,0,0,0,0,0,5,5
4760.0,0,0,0,0,0,0,0,0,4,4
4770.0,0,0,0,0,0,0,0,0,8,8
4780.0,0,0,0,0,0,0,0,0,8,8
4790.0,0,0,0,0,0,0,0,0,3,3
4800.0,0,0,0,0,0,0,0,0,2,2
4810.0,0,0,0,0,0,0,0,0,3,3
4820.0,0,0,0,0,0,0,0,0,1,1
4830.0,0,0,0,0,0,0,0,0,4,4
4840.0,0,0,0,0,0,0,0,0,2,2
4850.0,0,0,0,0,0,0,0,0,1,1
4860.0,0,0,0,0,0,0,0,0,3,3
4870.0,0,0,0,0,0,0,0,0,7,7
4880.0,0,0,0,0,0,0,0,0,2,2
4890.0,0,0,0,0,0,0,0,0,6,6
4900.0,0,0,0,0,0,0,0,0,8,8
4910.0,0,0,0,0,0,0,0,0,8,8
4920.0,0,0,0,0,0,0,0,0,3,3
4930.0,0,0,0,0,0,0,0,0,4,4
4940.0,0,0,0,0,0,0,0,0,1,1
4950.0,0,0,0,0,0,0,0,0,3,3
4960.0,0,0,0,0,0,0,0,0,4,4
4970.0,0,0,0,0,0,0,0,0,3,3
4980.0,0,0,0,0,0,0,0,0,2,2
4990.0,0,0,0,0,0,0,0,0,3,3
5000.0,0,0,0,0,0,0,0,0,3,3
5010.0,0,0,0,0,0,0,0,0,1,1
5020.0,0,0,0,0,0,0,0,0,3,3
5030.0,0,0,0,0,0,0,0,0,3,3
5040.0,0,0,0,0,0,0,0,0,4,4
5050.0,0,0,0,0,0,0,0,0,3,3
5060.0,0,0,0,0,0,0,0,0,1,1
5070.0,0,0,0,0,0,0,0,0,2,2
5080.0,0,0,0,0,0,0,0,0,1,1
5090.0,0,0,0,0,0,0,0,0,2,2
5100.0,0,0,0,0,0,0,0,0,1,1
5110.0,0,0,0,0,0,0,0,0,1,1
5120.0,0,0,0,0,0,0,0,0,4,4
5130.0,0,0,0,0,0,0,0,0,4,4
5140.0,0,0,0,0,0,0,0,0,5,5
5150.0,0,0,0,0,0,0,0,0,6,6
5160.0,0,0,0,0,0,0,0,0,8,8
5170.0,0,0,0,0,0,0,0,0,7,7
5180.0,0,0,0,0,0,0,0,0,4,4
5190.0,0,0,0,0,0,0,0,0,1,1
5200.0,0,0,0,0,0,0,0,0,4,4
5210.0,0,0,0,0,0,0,0,0,4,4
5220.0,0,0,0,0,0,0,0,0,3,3
5230.0,0,0,0,0,0,0,0,0,1,1
5240.0,0,0,0,0,0,0,0,0,1,1
5250.0,0,0,0,0,0,0,0,0,3,3
5260.0,0,0,0,0,0,0,0,0,3,3
5270.0,0,0,0,0,0,0,0,0,3,3
5280.0,0,0,0,0,0,0,0,0,4,4
5290.0,0,0,0,0,0,0,0,0,3,3
5300.0,0,0,0,0,0,0,0,0,5,5
5310.0,0,0,0,0,0,0,0,0,1,1
5320.0,0,0,0,0,0,0,0,0,3,3
5330.0,0,0,0,0,0,0,0,0,5,5
5340.0,0,0,0,0,0,0,0,0,4,4
5350.0,0,0,0,0,0,0,0,0,7,7
5360.0,0,0,0,0,0,0,0,0,5,5
5370.0,0,0,0,0,0,0,0,0,3,3
5380.0,0,0,0,0,0,0,0,0,2,2
5390.0,0,0,0,0,0,0,0,0,4,4
5400.0,0,0,0,0,0,0,0,0,1,1
5410.0,0,0,0,0,0,0,0,0,4,4
5420.0,0,0,0,0,0,0,0,0,0,0
5430.0,0,0,0,0,0,0,0,0,3,3
5440.0,0,0,0,0,0,0,0,0,1,1
5450.0,0,0,0,0,0,0,0,0,2,2
5460.0,0,0,0,0,0,0,0,0,1,1
5470.0,0,0,0,0,0,0,0,0,3,3
5480.0,0,0,0,0,0,0,0,0,4,4
5490.0,0,0,0,0,0,0,0,0,2,2
5500.0,0,0,0,0,0,0,0,0,2,2
5510.0,0,0,0,0,0,0,0,0,6,6
5520.0,0,0,0,0,0,0,0,0,3,3
5530.0,0,0,0,0,0,0,0,0,3,3
5540.0,0,0,0,0,0,0,0,0,6,6
5550.0,0,0,0,0,0,0,0,0,3,3
5560.0,0,0,0,0,0,0,0,0,10,10
5570.0,0,0,0,0,0,0,0,0,1,1
5580.0,0,0,0,0,0,0,0,0,4,4
5590.0,0,0,0,0,0,0,0,0,4,4
5600.0,0,0,0,0,0,0,0,0,3,3
5610.0,0,0,0,0,0,0,0,0,4,4
5620.0,0,0,0,0,0,0,0,0,2,2
5630.0,0,0,0,0,0,0,0,0,1,1
5640.0,0,0,0,0,0,0,0,0,6,6
5650.0,0,0,0,0,0,0,0,0,0,0
5660.0,0,0,0,0,0,0,0,0,2,2
5670.0,0,0,0,0,0,0,0,0,2,2
5680.0,0,0,0,0,0,0,0,0,3,3
5690.0,0,0,0,0,0,0,0,0,4,4
5700.0,0,0,0,0,0,0,0,0,4,4
5710.0,0,0,0,0,0,0,0,0,2,2
5720.0,0,0,0,0,0,0,0,0,8,8
5730.0,0,0,0,0,0,0,0,0,6,6
5740.0,0,0,0,0,0,0,0,0,4,4
5750.0,0,0,0,0,0,0,0,0,2,2
5760.0,0,0,0,0,0,0,0,0,3,3
5770.0,0,0,0,0,0,0,0,0,3,3
5780.0,0,0,0,0,0,0,0,0,4,4
5790.0,0,0,0,0,0,0,0,0,6,6
5800.0,0,0,0,0,0,0,0,0,4,4
5810.0,0,0,0,0,0,0,0,0,3,3
5820.0,0,0,0,0,0,0,0,0,1,1
5830.0,0,0,0,0,0,0,0,0,2,2
5840.0,0,0,0,0,0,0,0,0,4,4
5850.0,0,0,0,0,0,0,0,0,9,9
5860.0,0,0,0,0,0,0,0,0,4,4
5870.0,0,0,0,0,0,0,0,0,5,5
5880.0,0,0,0,0,0,0,0,0,4,4
5890.0,0,0,0,0,0,0,0,0,4,4
5900.0,0,0,0,0,0,0,0,0,0,0
5910.0,0,0,0,0,0,0,0,0,1,1
5920.0,0,0,0,0,0,0,0,0,1,1
5930.0,0,0,0,0,0,0,0,0,2,2
5940.0,0,0,0,0,0,0,0,0,4,4
5950.0,0,0,0,0,0,0,0,0,3,3
5960.0,0,0,0,0,0,0,0,0,3,3
5970.0,0,0,0,0,0,0,0,0,3,3
5980.0,0,0,0,0,0,0,0,0,4,4
5990.0,0,0,0,0,0,0,0,0,2,2
6000.0,0,0,0,0,0,0,0,0,8,8
6010.0,0,0,0,0,0,0,0,0,2,2
6020.0,0,0,0,0,0,0,0,0,1,1
6030.0,0,0,0,0,0,0,0,0,0,0
6040.0,0,0,0,0,0,0,0,0,3,3
6050.0,0,0,0,0,0,0,0,0,4,4
6060.0,0,0,0,0,0,0,0,0,3,3
6070.0,0,0,0,0,0,0,0,0,4,4
6080.0,0,0,0,0,0,0,0,0,2,2
6090.0,0,0,0,0,0,0,0,0,2,2
6100.0,0,0,0,0,0,0,0,0,4,4
6110.0,0,0,0,0,0,0,0,0,3,3
6120.0,0,0,0,0,0,0,0,0,3,3
6130.0,0,0,0,0,0,0,0,0,6,6
6140.0,0,0,0,0,0,0,0,0,2,2
6150.0,0,0,0,0,0,0,0,0,8,8
6160.0,0,0,0,0,0,0,0,0,4,4
6170.0,0,0,0,0,0,0,0,0,2,2
6180.0,0,0,0,0,0,0,0,0,2,2
6190.0,0,0,0,0,0,0,0,0,2,2
6200.0,0,0,0,0,0,0,0,0,2,2
6210.0,0,0,0,0,0,0,0,0,2,2
6220.0,0,0,0,0,0,0,0,0,7,7
6230.0,0,0,0,0,0,0,0,0,7,7
6240.0,0,0,0,0,0,0,0,0,3,3
6250.0,0,0,0,0,0,0,0,0,3,3
6260.0,0,0,0,0,0,0,0,0,4,4
6270.0,0,0,0,0,0,0,0,0,2,2
6280.0,0,0,0,0,0,0,0,0,2,2
6290.0,0,0,0,0,0,0,0,0,1,1
6300.0,0,0,0,0,0,0,0,0,1,1
6310.0,0,0,0,0,0,0,0,0,4,4
6320.0,0,0,0,0,0,0,0,0,3,3
6330.0,0,0,0,0,0,0,0,0,10,10
6340.0,0,0,0,0,0,0,0,0,1,1
6350.0,0,0,0,0,0,0,0,0,2,2
6360.0,0,0,0,0,0,0,0,0,4,4
6370.0,0,0,0,0,0,0,0,0,2,2
6380.0,0,0,0,0,0,0,0,0,3,3
6390.0,0,0,0,0,0,0,0,0,2,2
6400.0,0,0,0,0,0,0,0,0,0,0
6410.0,0,0,0,0,0,0,0,0,3,3
6420.0,0,0,0,0,0,0,0,0,6,6
6430.0,0,0,0,0,0,0,0,0,3,3
6440.0,0,0,0,0,0,0,0,0,2,2
6450.0,0,0,0,0,0,0,0,0,2,2
6460.0,0,0,0,0,0,0,0,0,5,5
6470.0,0,0,0,0,0,0,0,0,2,2
6480.0,0,0,0,0,0,0,0,0,7,7
6490.0,0,0,0,0,0,0,0,0,5,5
6500.0,0,0,0,0,0,0,0,0,5,5
6510.0,0,0,0,0,0,0,0,0,4,4
6520.0,0,0,0,0,0,0,0,0,2,2
6530.0,0,0,0,0,0,0,0,0,5,5
6540.0,0,0,0,0,0,0,0,0,2,2
6550.0,0,0,0,0,0,0,0,0,5,5
6560.0,0,0,0,0,0,0,0,0,5,5
6570.0,0,0,0,0,0,0,0,0,1,1
6580.0,0,0,0,0,0,0,0,0,4,4
6590.0,0,0,0,0,0,0,0,0,4,4
6600.0,0,0,0,0,0,0,0,0,1,1
6610.0,0,0,0,0,0,0,0,0,2,2
6620.0,0,0,0,0,0,0,0,0,5,5
6630.0,0,0,0,0,0,0,0,0,7,7
6640.0,0,0,0,0,0,0,0,0,4,4
6650.0,0,0,0,0,0,0,0,0,3,3
6660.0,0,0,0,0,0,0,0,0,5,5
6670.0,0,0,0,0,0,0,0,0,6,6
6680.0,0,0,0,0,0,0,0,0,3,3
6690.0,0,0,0,0,0,0,0,0,3,3
6700.0,0,0,0,0,0,0,0,0,6,6
6710.0,0,0,0,0,0,0,0,0,1,1
6720.0,0,0,0,0,0,0,0,0,4,4
6730.0,0,0,0,0,0,0,0,0,2,2
6740.0,0,0,0,0,0,0,0,0,2,2
6750.0,0,0,0,0,0,0,0,0,4,4
6760.0,0,0,0,0,0,0,0,0,5,5
6770.0,0,0,0,0,0,0,0,0,5,5
6780.0,0,0,0,0,0,0,0,0,3,3
6790.0,0,0,0,0,0,0,0,0,4,4
6800.0,0,0,0,0,0,0,0,0,4,4
6810.0,0,0,0,0,0,0,0,0,2,2
6820.0,0,0,0,0,0,0,0,0,1,1
6830.0,0,0,0,0,0,0,0,0,4,4
6840.0,0,0,0,0,0,0,0,0,5,5
6850.0,0,0,0,0,0,0,0,0,3,3
6860.0,0,0,0,0,0,0,0,0,2,2
6870.0,0,0,0,0,0,0,0,0,4,4
6880.0,0,0,0,0,0,0,0,0,2,2
6890.0,0,0,0,0,0,0,0,0,4,4
6900.0,0,0,0,0,0,0,0,0,5,5
6910.0,0,0,0,0,0,0,0,0,6,6
6920.0,0,0,0,0,0,0,0,0,6,6
6930.0,0,0,0,0,0,0,0,0,6,6
6940.0,0,0,0,0,0,0,0,0,4,4
6950.0,0,0,0,0,0,0,0,0,4,4
6960.0,0,0,0,0,0,0,0,0,2,2
6970.0,0,0,0,0,0,0,0,0,6,6
6980.0,0,0,0,0,0,0,0,0,5,5
6990.0,0,0,0,0,0,0,0,0,6,6
7000.0,0,1,0,0,0,0,0,0,5,6
7010.0,0,0,0,0,0,0,0,0,3,3
7020.0,0,0,0,0,0,0,0,0,3,3
7030.0,0,0,0,0,0,0,0,0,4,4
7040.0,0,0,0,0,0,0,0,0,3,3
7050.0,0,0,0,0,0,0,0,0,5,5
7060.0,0,0,0,0,0,0,0,0,3,3
7070.0,0,0,0,0,0,0,0,0,2,2
7080.0,0,0,0,0,0,0,0,0,1,1
7090.0,0,0,0,0,0,0,0,0,6,6
7100.0,0,0,0,0,0,0,0,0,7,7
7110.0,0,0,0,0,0,0,0,0,4,4
7120.0,0,0,0,0,0,0,0,0,5,5
7130.0,0,0,0,0,0,1,0,0,7,8
7140.0,0,0,0,0,0,0,0,0,6,6
7150.0,0,0,0,0,0,0,0,0,3,3
7160.0,0,0,0,0,0,0,0,0,8,8
7170.0,0,0,0,0,0,0,0,0,4,4
7180.0,0,0,0,0,0,0,0,0,5,5
7190.0,0,0,0,0,0,0,1,0,6,7
7200.0,0,0,0,0,0,0,0,0,5,5
7210.0,0,0,0,0,0,0,0,0,5,5
7220.0,0,0,0,0,0,0,0,0,1,1
7230.0,0,0,0,0,0,0,0,0,2,2
7240.0,0,0,0,0,0,0,0,0,2,2
7250.0,0,0,0,0,0,0,0,0,5,5
7260.0,0,0,0,0,0,0,0,0,3,3
7270.0,0,0,0,0,0,0,0,0,8,8
7280.0,0,0,0,0,0,0,0,0,3,3
7290.0,0,0,0,0,0,0,0,0,4,4
7300.0,0,0,0,0,0,0,0,0,6,6
7310.0,0,0,0,0,0,0,0,0,5,5
7320.0,0,0,0,0,0,0,0,0,3,3
7330.0,0,0,0,0,0,0,0,0,5,5
7340.0,0,0,0,0,0,0,0,0,3,3
7350.0,0,0,0,0,0,0,0,0,4,4
7360.0,0,0,0,0,0,0,0,0,5,5
7370.0,0,0,0,0,0,0,0,0,6,6
7380.0,0,0,0,0,0,0,0,0,4,4
7390.0,0,0,0,0,0,0,0,0,2,2
7400.0,0,0,0,0,0,0,0,0,8,8
7410.0,0,0,0,0,0,0,0,0,2,2
7420.0,0,0,0,0,0,0,0,0,7,7
7430.0,0,0,0,0,0,0,0,0,6,6
7440.0,0,0,0,0,0,0,0,0,8,8
7450.0,0,0,0,0,0,0,0,0,7,7
7460.0,0,0,0,0,0,0,0,0,6,6
7470.0,0,0,0,0,0,0,0,0,5,5
7480.0,0,0,0,0,0,0,0,0,3,3
7490.0,0,0,0,0,0,0,0,0,7,7
7500.0,0,0,0,0,0,0,0,0,9,9
7510.0,0,0,0,0,0,0,0,0,3,3
7520.0,0,0,0,0,0,0,0,0,6,6
7530.0,0,0,0,0,0,0,0,0,11,11
7540.0,0,0,0,0,0,0,0,0,3,3
7550.0,0,0,0,0,0,0,0,0,4,4
7560.0,0,0,0,0,0,0,0,0,7,7
7570.0,0,0,0,0,0,0,0,0,5,5
7580.0,0,0,0,0,0,0,0,0,3,3
7590.0,0,0,0,0,0,0,0,0,4,4
7600.0,0,0,0,0,0,0,0,0,4,4
7610.0,0,0,0,0,0,0,0,0,4,4
7620.0,0,0,0,0,0,0,0,0,6,6
7630.0,0,0,0,0,0,0,0,0,7,7
7640.0,0,0,0,0,0,0,0,0,4,4
7650.0,0,0,0,0,0,0,0,0,4,4
7660.0,0,0,0,0,0,0,0,0,2,2
7670.0,0,0,0,0,0,0,0,0,3,3
7680.0,0,0,0,0,0,0,0,0,6,6
7690.0,0,0,0,0,0,0,0,0,6,6
7700.0,0,0,0,0,0,0,0,0,6,6
7710.0,0,0,0,0,0,0,0,0,6,6
7720.0,0,0,0,0,0,0,0,0,4,4
7730.0,0,0,0,0,0,0,0,0,3,3
7740.0,0,0,0,0,0,0,0,0,2,2
7750.0,0,0,0,0,0,0,0,0,6,6
7760.0,0,0,0,0,0,0,0,0,1,1
7770.0,0,0,0,0,0,0,0,0,6,6
7780.0,0,0,0,0,0,0,0,0,1,1
7790.0,0,0,0,0,1,0,0,0,5,6
7800.0,0,0,0,0,0,0,0,0,5,5
7810.0,0,0,0,0,0,0,0,0,7,7
7820.0,0,0,0,0,0,0,0,0,11,11
7830.0,0,0,0,0,0,0,0,0,7,7
7840.0,0,0,0,0,0,0,0,0,5,5
7850.0,0,0,0,0,0,0,0,0,6,6
7860.0,0,0,0,0,0,0,0,0,1,1
7870.0,0,0,0,0,0,0,0,0,8,8
7880.0,0,0,0,0,0,0,0,0,2,2
7890.0,0,0,0,0,0,0,0,0,5,5
7900.0,0,0,0,0,0,0,0,0,4,4
7910.0,0,0,0,0,0,0,0,0,4,4
7920.0,0,0,0,0,0,0,0,0,3,3
7930.0,0,0,0,0,0,0,0,0,3,3
7940.0,0,0,0,0,0,0,0,0,5,5
7950.0,0,0,0,0,0,0,0,0,7,7
7960.0,0,0,0,0,0,0,0,0,3,3
7970.0,0,0,0,0,0,0,0,0,4,4
7980.0,0,0,0,0,0,0,0,0,7,7
7990.0,0,0,0,0,0,0,0,0,5,5
8000.0,0,0,0,0,0,0,0,0,2,2
8010.0,0,0,0,0,0,0,0,0,1,1
8020.0,0,0,0,0,0,0,0,0,3,3
8030.0,0,0,0,0,0,0,0,0,3,3
8040.0,0,0,0,0,0,0,0,0,4,4
8050.0,0,0,0,0,0,0,0,0,5,5
8060.0,0,0,0,0,0,0,0,0,9,9
8070.0,0,0,0,0,0,0,0,0,1,1
8080.0,0,0,0,0,0,0,0,0,4,4
8090.0,0,0,0,0,0,0,0,0,5,5
8100.0,0,0,0,0,0,0,0,0,1,1
8110.0,0,0,0,0,0,0,0,0,5,5
8120.0,0,0,0,0,0,0,0,0,4,4
8130.0,0,0,0,0,0,0,0,0,1,1
8140.0,0,0,0,0,0,0,0,0,1,1
8150.0,0,0,0,0,0,0,0,0,2,2
8160.0,0,0,0,0,0,0,0,0,6,6
8170.0,0,0,0,0,0,0,0,0,2,2
8180.0,0,0,0,0,0,0,0,0,4,4
8190.0,0,0,0,0,0,0,0,0,5,5
8200.0,0,0,0,0,0,0,0,0,3,3
8210.0,0,0,0,0,0,0,0,0,5,5
8220.0,0,0,0,0,0,0,0,0,4,4
8230.0,0,0,0,0,0,0,0,0,3,3
8240.0,0,0,0,0,0,0,0,0,3,3
8250.0,0,0,0,0,0,0,0,0,2,2
8260.0,0,0,0,0,0,0,0,0,7,7
8270.0,0,0,0,0,0,0,0,0,4,4
8280.0,0,0,0,0,0,0,0,0,3,3
8290.0,0,0,0,0,0,0,0,0,5,5
8300.0,0,0,0,0,0,0,0,0,3,3
8310.0,0,0,0,0,0,0,0,0,2,2
8320.0,0,0,0,0,0,0,0,0,5,5
8330.0,0,0,0,0,0,0,0,0,5,5
8340.0,0,0,0,0,0,0,0,0,5,5
8350.0,0,0,0,0,0,0,0,0,4,4
8360.0,0,0,0,0,0,0,0,0,3,3
8370.0,0,0,0,0,0,0,0,0,2,2
8380.0,0,0,0,0,0,0,0,0,6,6
8390.0,0,0,0,0,0,0,0,0,6,6
8400.0,0,0,0,0,0,0,0,0,4,4
8410.0,0,0,0,0,0,0,0,0,3,3
8420.0,0,0,0,0,0,0,0,0,2,2
8430.0,0,0,0,0,0,0,0,0,8,8
8440.0,0,0,0,0,0,0,0,0,4,4
8450.0,0,0,0,0,0,0,0,0,8,8
8460.0,0,0,0,0,0,0,0,0,3,3
8470.0,0,0,0,0,0,0,0,0,6,6
8480.0,0,0,0,0,0,0,0,0,2,2
8490.0,0,0,0,0,0,0,0,0,5,5
8500.0,0,0,0,0,0,0,0,0,9,9
8510.0,0,0,0,0,0,0,0,0,7,7
8520.0,0,0,0,0,0,0,0,0,3,3
8530.0,0,0,0,0,0,0,0,0,5,5
8540.0,0,0,0,0,0,0,0,0,1,1
8550.0,0,0,0,0,0,0,0,0,3,3
8560.0,0,0,0,0,0,0,0,0,5,5
8570.0,0,0,0,0,0,0,0,0,9,9
8580.0,0,0,0,0,0,0,0,0,7,7
8590.0,0,0,0,0,0,0,0,0,5,5
8600.0,0,0,0,0,0,0,0,0,3,3
8610.0,0,0,0,0,0,0,0,0,6,6
8620.0,0,0,0,0,0,0,0,0,2,2
8630.0,0,0,0,0,0,0,0,0,2,2
8640.0,0,0,0,0,0,0,0,0,1,1
8650.0,0,0,0,0,0,0,0,0,4,4
8660.0,0,0,0,0,0,0,0,0,9,9
8670.0,0,0,0,0,0,0,0,0,2,2
8680.0,0,0,0,0,0,0,0,0,2,2
8690.0,0,0,0,0,0,0,0,0,10,10
8700.0,0,0,0,0,0,0,0,0,6,6
8710.0,0,0,0,0,0,0,0,0,1,1
8720.0,0,0,0,0,0,0,0,0,7,7
8730.0,0,0,0,0,0,0,0,0,9,9
8740.0,0,0,0,0,0,0,0,0,3,3
8750.0,0,0,0,0,0,0,0,0,4,4
8760.0,0,0,0,0,0,0,0,0,5,5
8770.0,0,0,0,0,0,0,0,0,2,2
8780.0,0,0,0,0,0,0,0,0,7,7
8790.0,0,0,0,0,0,0,0,0,6,6
8800.0,0,0,0,0,0,0,0,0,3,3
8810.0,0,0,0,0,0,0,0,0,3,3
8820.0,0,0,0,0,0,0,0,0,5,5
8830.0,0,0,0,0,0,0,0,0,10,10
8840.0,0,0,0,0,0,0,0,0,7,7
8850.0,0,0,0,0,0,0,0,0,6,6
8860.0,0,0,0,0,0,0,0,0,10,10
8870.0,0,0,0,0,0,0,0,0,7,7
8880.0,0,0,0,0,0,0,0,0,5,5
8890.0,0,0,0,0,0,0,0,0,3,3
8900.0,0,0,0,0,0,0,0,0,3,3
8910.0,0,0,0,0,0,0,0,0,1,1
8920.0,0,0,0,0,0,0,0,0,6,6
8930.0,0,0,0,0,0,0,0,0,5,5
8940.0,0,0,0,0,0,0,0,0,5,5
8950.0,0,0,0,0,0,0,0,0,6,6
8960.0,0,0,0,0,0,0,0,0,2,2
8970.0,0,0,0,0,0,0,0,0,4,4
8980.0,0,0,0,0,0,0,0,0,7,7
8990.0,0,0,0,0,0,0,0,0,2,2
9000.0,0,0,0,0,0,0,0,0,5,5
9010.0,0,0,0,0,0,0,0,0,1,1
9020.0,0,0,0,0,0,0,0,0,5,5
9030.0,0,0,0,0,0,0,0,0,9,9
9040.0,0,0,0,0,0,0,0,0,7,7
9050.0,0,0,0,0,0,0,0,0,4,4
9060.0,0,0,0,0,0,0,0,0,2,2
9070.0,0,0,0,0,0,0,0,0,6,6
9080.0,0,0,0,0,0,0,0,0,5,5
9090.0,0,0,0,0,0,0,0,0,5,5
9100.0,0,0,0,0,0,0,0,0,8,8
9110.0,0,0,0,0,0,0,0,0,5,5
9120.0,0,0,0,0,0,0,0,0,3,3
9130.0,0,0,0,0,0,0,0,0,7,7
9140.0,0,0,0,0,0,0,0,0,7,7
9150.0,0,0,0,0,0,0,0,0,11,11
9160.0,0,0,0,0,0,0,0,0,6,6
9170.0,0,0,0,0,0,0,0,0,3,3
9180.0,0,0,0,0,0,0,0,0,7,7
9190.0,0,0,0,0,0,0,0,0,3,3
9200.0,0,0,0,0,0,0,0,0,3,3
9210.0,0,0,0,0,0,0,0,0,9,9
9220.0,0,0,0,0,0,0,0,0,3,3
9230.0,0,0,0,0,0,0,0,0,3,3
9240.0,0,0,0,0,0,0,0,0,6,6
9250.0,0,0,0,0,0,0,0,0,8,8
9260.0,0,0,0,0,0,0,0,0,6,6
9270.0,0,0,0,0,0,0,0,0,3,3
9280.0,0,0,0,0,0,0,0,0,12,12
9290.0,0,0,0,0,0,0,0,0,4,4
9300.0,0,0,0,0,0,0,0,0,6,6
9310.0,0,0,0,0,0,0,0,0,3,3
9320.0,0,0,0,0,0,0,0,0,6,6
9330.0,0,0,0,0,0,0,0,0,1,1
9340.0,0,0,0,0,0,0,0,0,5,5
9350.0,0,0,0,0,0,0,0,0,6,6
9360.0,0,0,0,0,0,0,0,0,7,7
9370.0,0,0,0,0,0,0,0,0,6,6
9380.0,0,0,0,0,0,0,0,0,7,7
9390.0,0,0,0,0,0,0,0,0,5,5
9400.0,0,0,0,0,0,0,0,0,6,6
9410.0,0,0,0,0,0,0,0,0,8,8
9420.0,0,0,0,0,0,0,0,0,6,6
9430.0,0,0,0,0,0,0,0,0,3,3
9440.0,0,0,0,0,0,0,0,0,5,5
9450.0,0,0,0,0,0,0,0,0,4,4
9460.0,0,0,0,0,0,0,0,0,5,5
9470.0,0,0,0,0,0,0,0,0,2,2
9480.0,0,0,0,0,0,0,0,0,5,5
9490.0,0,0,0,0,0,0,0,0,11,11
9500.0,0,0,0,0,0,0,0,0,7,7
9510.0,0,0,0,0,0,0,0,0,1,1
9520.0,0,0,0,0,0,0,0,0,3,3
9530.0,0,0,0,0,0,0,0,0,5,5
9540.0,0,0,0,0,0,0,0,0,5,5
9550.0,0,0,0,0,0,0,0,0,4,4
9560.0,0,0,0,0,0,0,0,0,5,5
9570.0,0,0,0,0,0,0,0,0,7,7
9580.0,0,0,0,0,0,0,0,0,6,6
9590.0,0,0,0,0,0,0,0,0,6,6
9600.0,0,0,0,0,0,0,0,0,5,5
9610.0,0,0,0,0,0,0,0,0,6,6
9620.0,0,0,0,0,0,0,0,0,8,8
9630.0,0,0,0,0,0,0,0,0,0,0
9640.0,0,0,0,0,0,0,0,0,5,5
9650.0,0,0,0,0,0,0,0,0,6,6
9660.0,0,0,0,0,0,0,0,0,4,4
9670.0,0,0,0,0,0,0,0,0,5,5
9680.0,0,0,0,0,0,0,0,0,5,5
9690.0,0,0,0,0,0,0,0,0,5,5
9700.0,0,0,0,0,0,0,0,0,5,5
9710.0,0,0,0,0,0,0,0,0,5,5
9720.0,0,0,0,0,0,0,0,0,4,4
9730.0,0,0,0,0,0,0,0,0,3,3
9740.0,0,0,0,0,0,0,0,0,4,4
9750.0,0,0,0,0,0,0,0,0,10,10
9760.0,0,0,0,0,0,0,0,0,2,2
9770.0,0,0,0,0,0,0,0,0,9,9
9780.0,0,0,0,0,0,0,0,0,2,2
9790.0,0,0,0,0,0,0,0,0,6,6
9800.0,0,0,0,0,0,0,0,0,7,7
9810.0,0,0,0,0,0,0,0,0,5,5
9820.0,0,0,0,0,0,0,0,0,4,4
9830.0,0,0,0,0,0,0,0,0,5,5
9840.0,0,0,0,0,0,0,0,0,3,3
9850.0,0,0,0,0,0,0,0,0,5,5
9860.0,0,0,0,0,0,0,0,0,2,2
9870.0,0,0,0,0,0,0,0,0,2,2
9880.0,0,0,0,0,0,0,0,0,3,3
9890.0,0,0,0,0,0,0,0,0,4,4
9900.0,0,0,0,0,0,0,0,0,10,10
9910.0,0,0,0,0,0,0,0,0,6,6
9920.0,0,0,0,0,0,0,0,0,12,12
9930.0,0,0,0,0,0,0,0,0,3,3
9940.0,0,0,0,0,0,0,0,0,2,2
9950.0,0,0,0,0,0,0,0,0,8,8
9960.0,0,0,0,0,0,0,0,0,5,5
9970.0,0,0,0,0,0,0,0,0,3,3
9980.0,0,0,0,0,0,0,0,0,4,4
9990.0,0,0,0,0,0,0,0,0,3,3
10000.0,0,0,0,0,0,0,0,0,1,1
