Time,MKAKLLVLLCAFTATDADTICIGYHANNSTDTVDTVLEKNVTVTHSVNLLEDSHNGKLCRLKGIAPLQLGNCSIAGWILGNPECESLFSKESWSYIAETPNSENGTCYPGYFADYEELREQLSSVSSFERFEIFPKESSWPNHTVTKGVTAACSHNGKSSFYRNLLWLTEKNGLYPNLSKSYVNNKEKEVLVLWGVHHPSNIGDQRAIYHTENAYVSVVSSHYSRRFTPEIAKRPKVRGQEGRINYYWTLLEPGDTIIFEANGNLIAPWYAFALSRGFGSGIITSNASMDECDAKCQTPQGAINSSLPFQNVHPVTIGECPKYVRSTKLRMVTGLRNIPSVQSRGLFGAIAGFIEGGWTGMIDGWYGYHHQNEQGSGYAADQKSTQNAINGITNKVNSVIEKMNTQFTAVGKEFNKLERRMENLNKKVDDGFLDIWTYNAELLVLLENERTLDFHDSNVKNLYEKVKSQLKNNAKEIGNGCFEFYHKCNNECMESVKNGTYDYPKYSEESKLNREKIDGVKLESMGVYQILAIYSTVASSLVLLVSLGAISFWMCSNGSLQCRICI,MKAKLLRLTCAFTSTRVDTAFIGGHANNSTDAVDTLLEVNVTVTHSVNSLEQWMWKQLCRLKLIDPLQLGNTYIWGWILCNPEAESLFSKESWSYIAGTPNSENGTCYPGYFADYEILREQLSSVSYFERCEIFPKESSWPNHYVQWTVHHACSHNGKSSFYMNLLWLTEKNGLYPNSSKCYVNNIMKEVHVLWGVHWPSNIGDQRAIYHTENAYVYVVSSHYSRRFTPEIAKRPKVRGQRGRINYYWTLSEPGDTIIFEANGNLIAPPYAFALSRGPGSNQILSNASMDECTAKQQLPFGAQNSSLKFWNVPPVLIGECPCYVRSTKLRMCTGLRNIPGVQSRGLFMAIAGFIEGLWTGMIDVWWMYHHQNFQVSGYAADQKSTRNAINGITIDENSVIWKMNTQFPAVGKEFNKLERRSENLRKKVARGFLDIWTYNAHLLVLYENERTLDFHDSYIKNLYEKVKSQLKNAAKEIGNGCFERYHLCKNECMESVKNGTTDYAQYSEEEKLNRTKADGVKLESMCVYQILAIYSTVASSLVLLVSTGIIAFWMCSNGSVQCRICI,MKAKLLVLLCAFTATDADTICIGYHANNSTDTVMPVLEKNCTVTHSVNLLEDSHNGKLCRLKGIAPLQLGNWSIAGWILHNPECESLLSKEQWSYIAETPNPENTHCYPGYFADYEELREQLSSVSSFERTEIFPKESSWPNHTVTKGVTAALSHNGKSSFYRNLLWLMEKNGLYPNCSKSYVNNKEKEVLVLWGVHHPSNIGDQREIYHTVNAYVSVVSNHKSRRFTPEIAERPKVRGQEGRINYYWTLLEPGHTFIFEANGNLIAPWYAFALSRGFGSGIITSNASMDECDIKCQTPQGAIHSSLPFQNVHPVTIGECPKYVRSTKLKMVTGLRNIPSVQSRGLFGAIAGFIEGGWTGMIDVWYGYHHQQEQGSGYAADQKSTQNAINGITNKVNSVIEKMNTQFTAVGKEFNKLERRMENLWKKVDDGFLDIWTYNAELLVLLENERTLDFHHSNVKNLYEKVKSQLKNNAKEIGNGCFETYHKCNHECMESVKNGTVDYPHYSEESWLNREKIDGVKLESMGVTQILAIYSTVASSLVLLVSLGTISFWMCSNGSLQCRICI,MKAKLLVLTCAFTSTRVDTIFIGYHANNKTDAVDTLLWVNVTVTHSVNSLEQWHWKQLCRLKGIPPLQLGNTFIWGWILCNPEAESLFSKESWSYIAETPNSENGTCYPGYFAMYEILREQLSSVSYQERCEIFPKESSWPNHYVQWTVHHACSHPGKSSFYHNLLWLTEKNGLYPNSRKSYVNNIMKEVSALWGVHWPSNIGDQRAIYHTENAYVYVVSSHESRRFTPEIAKRPKVRGQRGRINYYWTLLEPGDTIIFEANGNLYAPPYAFALSQGPGSNQILSNASMDECTAKQQLPFGAQNSSLKFWNPPPVTIGECPCYVRSTKLRMHTGLRNIPGVQSRGLFMAIAGFIEGLWTGMIDVWWMYHHQNFQWSGYAADQKSTRNAINGITNDENSVIWRMNTQFTAVGKPFNKKERRSENLNKKVADGFGDIWTYNAHYLVLYENERTLDFHDSYIFNLYEKVKSQLKFAAKEIDNGCFERYHKCNNECMEPVKNGTYDYPQYSEEEKLNRTKADGVKKESRCVYQILAILSTVASSLVLLLSTGIIAFWMCSNGSVQCRICI,TKAKLLVGTCAETSTRVDTIFKGYHARNSTDAVDWFLWVEVTVFHSVNSLEQWHWKQECSLKGIPPLYLGNTVIWGWILCNPEKNSLFYKESWSFIVQTPNSENGTCQSGYFYDYEIMRDQLSSVSYFERCEIFPKESSWPNHYVQWTVVHACYVNGKSSFYHNLLWLTEKNGLDKNSSKSYVNRIDKEVHVLWGVHWPSNITDQRAIYGTENAYVYVVSSHYSVRFLPEIFKRPKVRDQPGRINYYWKLKEPRMTHIFEAVGNLITWPAAFALSRGPGSNAILSNASMDECTFKQQLVFGAQNSRLKYWNVPPVTIGECPCYVRSTKLRMHTGLRNIMGVQSRGLFMAIYGFIEGLWTFMIDVWWMYHHQNFQVSGYLAMQKSCRNAINGITNDENSVIWRMNTQFTAVGKEFNKLERRSENLNKKVCDGFLDWWTYNAIYSVLYENENTLDFHDSYIFNLYRKVKSQLKFAAKEIGKGCFERYHKCNNECMESVKNGTYDYPQYSEEEKLNRIKNMGHKKESRCVYQIAAIYSTVASSCVLLLSTGIIAFWMCSNCDWQCRYCI,MKAKLRVLLCQFTATDADTICIGYHANNSTDTVDTVLEKNCTVTHSVNLLEDSHNGQLCRLKGIAPLQLGNCSIAGWILGNPECESLFSKESWSYIAETPNPENGTCYPGYFADYEELREQLSSVDSFERFEIFPKESSWPNHTVTKGVTAACSHAGKSSFYRNLLWLMEKNGLYCCCSKSYVNNKEKEVLVLWGVHGPSNIGDQREIYHTENAYVSVVSSHKSRRFTPEIAIRPKVRGQEGRINYYWTLLEPGHTFIFEANGNLIAPWYAFALSRGFGSGIITSNASMDECDAKCQTPQGAINCSLPFQNVHPVTIGECPKYVRSTKLRMVTGLTNIPSVQSRGLFGAIAGFIEGGWTGMIDVWYGYHPDNEQGSGYAADQKSTQNAINGITNKVNSVIEKMNTQFTAVGKEFNKCERRMENLNKKVDDGFLDIWTYNAELLFLLENERTLDFHHSNVKNLYEKVKSQLKNNAKEIGNGCFETYHKCNNECMESVKNGTYDYPKYSEESKTNREKIDGVKLESHGVYQILAIYSTVASSLVLLVSLGAISFWMCSNGSLQCRICI,MKAKLLVLLCAFTATDADTICQGYHANNSTDTVDTVLEKNVTVTHSVNLLEDSHNGKLCRLKGIAPLQLGNCSIAGWILGNPECESLFSKESWSYIAETPNSENGTCYPGYFADYEELREQLSSVSSFERFEIFPKESSWPNHTVTKGVTAACSHNGKSSFYRNLLWLTEKNGLYPNLSKSYVNNKEKEVLVLWGVHHPSNIGDQRAIYHTENAYVSVVSSHYSRRFTPEIAKRPKVRGQEGRINYYWTLLEPGDTIIFEANGNLIAPWYAFALSRGFGSGIITSNASMDECDAKCQTPQGAINSSLPFQNVHPVTIGECPKYVRSTKLRMVTGLRNIPSVQSRGLFGAIAGFIEGGWTGMIDVWYGYHHQNEQGSGYAADQKSTQNAINGITNKVNSVIEKMNTQFTAVGKEFNKLERRMENLNKKVDDGFLDIWTYNAELLVLLENERTLDFHDSNVKNLYEKVKPQLKNNAKEIGNGCFEFYHKCNNECMESVKNGTYDYPKYSEESKLNREKIDGVKLESMGVYQILAIYSTVASSLVLLVSLGAISFWMCSNGSLQCRICI,MKAKLLVWLCFFTATDADTICIGYHANNSTDTNDTVLEVNVTVTHSVNLLEESHNGKLCRLHGIATEKLQECSINGWILGNPECISLFSMPWWSYIAETMNSDMGVCYPGYFADYEELREHLSSVSMFERFEIFMKYSSWPNHTVTKGVTAASSHNGKMSFYRNLLHLNLKNGLYINLSKSYVNNHECEVIVLGGVHWPSNIGLQRAIYHTENAYVYVVSSIYSRRFTPFIRKRCKSRGQVGRIYYYWTLLEPGLTIRFEACGILIAPWYAFALSRGFYPGICTSNASMLPCDAKCQTPAGAINSSLPFQNVHPVRIGEMPKYVRGTMLRMVTGLWNIPSVQPRGLFGAIAGFCEGGPTHMITVWYGYHHQNEQGSGYAAPCKSNQAAIEGQTWKVNSVIEKMNTQWTAVGAEFVKLEEVMENLNKKVDDVFLDYWHYNAELLVLLANETLPDFHRSGVSNLNEKVKIQLKNYAKEGGSGCFEFYFKYNNEAMSSRKNGTIDYPRYSEESKLNIEKIDGVLLGCMGVDQILAIYSHVASSLCPNVSSGAQCFGMCPNGPLFCRACN,Other,Total
0.0,0,0,0,0,0,0,0,0,0,0
10.0,0,0,0,0,0,0,0,0,0,0
20.0,0,0,0,0,0,0,0,0,0,0
30.0,0,0,0,0,0,0,0,0,0,0
40.0,0,0,0,0,0,0,0,0,0,0
50.0,0,0,0,0,0,0,0,0,0,0
60.0,0,0,0,0,0,0,0,0,0,0
70.0,0,0,0,0,0,0,0,0,0,0
80.0,0,0,0,0,0,0,0,0,0,0
90.0,0,0,0,0,0,0,0,0,0,0
100.0,0,0,0,0,0,0,0,0,0,0
110.0,0,0,0,0,0,0,0,0,1,1
120.0,0,0,0,0,0,0,0,0,1,1
130.0,0,0,0,0,0,0,0,0,2,2
140.0,0,0,0,0,0,0,0,0,19,19
150.0,0,0,0,0,0,0,0,0,15,15
160.0,0,0,0,0,0,0,0,0,12,12
170.0,0,0,0,0,0,0,0,0,13,13
180.0,0,0,0,0,0,0,0,0,6,6
190.0,0,0,0,0,0,0,0,0,4,4
200.0,0,0,0,0,0,0,0,0,4,4
210.0,0,0,0,0,0,0,0,0,7,7
220.0,0,0,0,0,0,0,0,0,4,4
230.0,0,0,0,0,0,0,0,0,4,4
240.0,0,0,0,0,0,0,0,0,0,0
250.0,0,0,0,0,0,0,0,0,1,1
260.0,0,0,0,0,0,0,0,0,2,2
270.0,0,0,0,0,0,0,0,0,1,1
280.0,0,0,0,0,0,0,0,0,9,9
290.0,0,0,0,0,0,0,2,0,12,14
300.0,0,0,0,0,0,0,1,0,12,13
310.0,0,0,0,0,0,0,0,0,8,8
320.0,0,0,0,0,0,0,0,0,5,5
330.0,0,0,0,0,0,0,0,0,5,5
340.0,0,0,0,0,0,0,0,0,4,4
350.0,0,0,0,0,0,0,0,0,1,1
360.0,0,0,0,0,0,0,0,0,1,1
370.0,0,0,0,0,0,0,0,0,4,4
380.0,0,0,0,0,0,0,0,0,2,2
390.0,0,0,0,0,0,0,0,0,0,0
400.0,0,0,0,0,0,0,0,0,2,2
410.0,0,0,0,0,0,0,0,0,3,3
420.0,0,0,0,0,0,0,0,0,6,6
430.0,0,0,0,0,0,0,0,0,6,6
440.0,0,0,0,0,0,0,0,0,6,6
450.0,0,0,0,0,0,0,0,0,5,5
460.0,0,0,0,0,0,0,0,0,10,10
470.0,0,0,0,0,0,0,0,0,5,5
480.0,0,0,0,0,0,0,0,0,7,7
490.0,0,0,0,0,0,0,0,0,6,6
500.0,0,0,0,0,0,0,0,0,5,5
510.0,0,0,0,0,0,0,0,0,7,7
520.0,0,0,0,0,0,0,0,0,8,8
530.0,0,0,0,0,0,0,0,0,4,4
540.0,0,0,0,0,0,0,0,0,6,6
550.0,0,0,0,0,0,0,0,0,3,3
560.0,0,0,0,0,0,0,0,0,3,3
570.0,0,0,0,0,0,0,0,0,6,6
580.0,0,0,0,0,0,0,0,0,4,4
590.0,0,0,0,0,0,0,0,0,6,6
600.0,0,0,0,0,0,0,0,0,3,3
610.0,0,0,0,0,0,0,0,0,2,2
620.0,0,0,0,0,0,0,0,0,3,3
630.0,0,0,0,0,0,0,0,0,1,1
640.0,0,0,0,0,0,0,0,0,4,4
650.0,0,0,0,0,0,0,0,0,4,4
660.0,0,0,0,0,0,0,0,0,4,4
670.0,0,0,0,0,0,0,0,0,1,1
680.0,0,0,0,0,0,0,0,0,5,5
690.0,0,0,0,0,0,0,0,0,5,5
700.0,0,0,0,0,0,0,0,0,7,7
710.0,0,0,0,0,0,0,0,0,5,5
720.0,0,0,0,0,0,0,0,0,1,1
730.0,0,0,0,0,0,0,0,0,5,5
740.0,0,0,0,0,0,0,0,0,4,4
750.0,0,0,0,0,0,0,0,0,2,2
760.0,0,0,0,0,0,0,0,0,4,4
770.0,0,0,0,0,0,0,0,0,2,2
780.0,0,0,0,0,0,0,0,0,2,2
790.0,0,0,0,0,0,0,0,0,6,6
800.0,0,0,0,0,0,0,0,0,4,4
810.0,0,0,0,0,0,0,0,0,4,4
820.0,0,0,0,0,0,0,0,0,1,1
830.0,0,0,0,0,0,0,0,0,4,4
840.0,0,0,0,0,0,0,0,0,2,2
850.0,0,0,0,0,0,0,0,0,5,5
860.0,0,0,0,0,0,0,0,0,3,3
870.0,0,0,0,0,0,0,0,0,4,4
880.0,0,0,0,0,0,0,0,0,4,4
890.0,0,0,0,0,0,0,0,0,3,3
900.0,0,0,0,0,0,0,0,0,4,4
910.0,0,0,0,0,0,0,0,0,6,6
920.0,0,0,0,0,0,0,0,0,3,3
930.0,0,0,0,0,0,0,0,0,3,3
940.0,0,0,0,0,0,0,0,0,3,3
950.0,0,0,0,0,0,0,0,0,8,8
960.0,0,0,0,0,0,0,0,0,5,5
970.0,0,0,0,0,0,0,0,0,6,6
980.0,0,0,0,0,0,0,0,0,4,4
990.0,0,0,0,0,0,0,0,0,7,7
1000.0,0,0,0,0,0,0,0,0,3,3
1010.0,0,0,0,0,0,0,0,0,3,3
1020.0,0,0,0,0,0,0,0,0,5,5
1030.0,0,0,0,0,0,0,0,0,1,1
1040.0,0,0,0,0,0,0,0,0,3,3
1050.0,0,0,0,0,0,0,0,0,3,3
1060.0,0,0,0,0,0,0,0,0,5,5
1070.0,0,0,0,0,0,0,0,0,3,3
1080.0,0,0,0,0,0,0,0,0,3,3
1090.0,0,0,0,0,0,0,0,0,1,1
1100.0,0,0,0,0,0,0,0,0,2,2
1110.0,0,0,0,0,0,0,0,0,4,4
1120.0,0,0,0,0,0,0,0,0,4,4
1130.0,0,0,0,0,0,0,0,0,3,3
1140.0,0,0,0,0,0,0,0,0,5,5
1150.0,0,0,0,0,0,0,0,0,2,2
1160.0,0,0,0,0,0,0,0,0,3,3
1170.0,0,0,0,0,0,0,0,0,6,6
1180.0,0,0,0,0,0,0,0,0,5,5
1190.0,0,0,0,0,0,0,0,0,5,5
1200.0,0,0,0,0,0,0,0,0,5,5
1210.0,0,0,0,0,0,0,0,0,2,2
1220.0,0,0,0,0,0,0,0,0,1,1
1230.0,0,0,0,0,0,0,0,0,0,0
1240.0,0,0,0,0,0,0,0,0,5,5
1250.0,0,0,0,0,0,0,0,0,2,2
1260.0,0,0,0,0,0,0,0,0,5,5
1270.0,0,0,0,0,0,0,0,0,1,1
1280.0,0,0,0,0,0,0,0,0,6,6
1290.0,0,0,0,0,0,0,0,0,3,3
1300.0,0,0,0,0,0,0,0,0,8,8
1310.0,0,0,0,0,0,0,0,0,4,4
1320.0,0,0,0,0,0,0,0,0,3,3
1330.0,0,0,0,0,0,0,0,0,1,1
1340.0,0,0,0,0,0,0,0,0,0,0
1350.0,0,0,0,0,0,0,0,0,0,0
1360.0,0,0,0,0,0,0,0,0,1,1
1370.0,0,0,0,0,0,0,0,0,5,5
1380.0,0,0,0,0,0,0,0,0,6,6
1390.0,0,0,0,0,0,0,0,0,6,6
1400.0,0,0,0,0,0,0,0,0,6,6
1410.0,0,0,0,0,0,0,0,0,7,7
1420.0,0,0,0,0,0,0,0,0,1,1
1430.0,0,0,0,0,0,0,0,0,3,3
1440.0,0,0,0,0,0,0,0,0,0,0
1450.0,0,0,0,0,0,0,0,0,0,0
1460.0,0,0,0,0,0,0,0,0,2,2
1470.0,0,0,0,0,0,0,0,0,2,2
1480.0,0,0,0,0,0,0,0,0,0,0
1490.0,0,0,0,0,0,0,0,0,2,2
1500.0,0,0,0,0,0,0,0,0,1,1
1510.0,0,0,0,0,0,0,0,0,3,3
1520.0,0,0,0,0,0,0,0,0,4,4
1530.0,0,0,0,0,0,0,0,0,2,2
1540.0,0,0,0,0,0,0,0,0,4,4
1550.0,0,0,0,0,0,0,0,0,6,6
1560.0,0,0,0,0,0,0,0,0,5,5
1570.0,0,0,0,0,0,0,0,0,1,1
1580.0,0,0,0,0,0,0,0,0,3,3
1590.0,0,0,0,0,0,0,0,0,4,4
1600.0,0,0,0,0,0,0,0,0,6,6
1610.0,0,0,0,0,0,0,0,0,4,4
1620.0,0,0,0,0,0,0,0,0,4,4
1630.0,0,0,0,0,0,0,0,0,6,6
1640.0,0,0,0,0,0,0,0,0,5,5
1650.0,0,0,0,0,0,0,0,0,2,2
1660.0,0,0,0,0,0,0,0,0,0,0
1670.0,0,0,0,0,0,0,0,0,4,4
1680.0,0,0,0,0,0,0,0,0,4,4
1690.0,0,0,0,0,0,0,0,0,2,2
1700.0,0,0,0,0,0,0,0,0,3,3
1710.0,0,0,0,0,0,0,0,0,4,4
1720.0,0,0,0,0,0,0,0,0,0,0
1730.0,0,0,0,0,0,0,0,0,3,3
1740.0,0,0,0,0,0,0,0,0,0,0
1750.0,0,0,0,0,0,0,0,0,3,3
1760.0,0,0,0,0,0,0,0,0,3,3
1770.0,0,0,0,0,0,0,0,0,3,3
1780.0,0,0,0,0,0,1,0,0,3,4
1790.0,0,0,0,0,0,0,0,0,1,1
1800.0,0,0,0,0,0,0,0,0,2,2
1810.0,0,0,0,0,0,0,0,0,2,2
1820.0,0,0,0,0,0,0,0,0,1,1
1830.0,0,0,0,0,0,0,0,0,0,0
1840.0,0,0,0,0,0,0,0,0,3,3
1850.0,0,0,0,0,0,0,0,0,2,2
1860.0,0,0,0,0,0,0,0,0,2,2
1870.0,0,0,0,0,0,0,0,0,3,3
1880.0,0,0,0,0,0,0,0,0,9,9
1890.0,0,0,0,0,0,0,0,0,8,8
1900.0,0,0,0,0,0,0,0,0,4,4
1910.0,0,0,0,0,0,0,0,0,7,7
1920.0,0,0,0,0,0,0,0,0,4,4
1930.0,0,0,0,0,0,0,0,0,4,4
1940.0,0,0,0,0,0,0,0,0,4,4
1950.0,0,0,0,0,0,0,0,0,1,1
1960.0,0,0,0,0,0,0,0,0,2,2
1970.0,0,0,0,0,0,0,0,0,0,0
1980.0,0,0,0,0,0,0,0,0,2,2
1990.0,0,0,0,0,0,0,0,0,5,5
2000.0,0,0,0,0,0,0,0,0,6,6
2010.0,0,0,0,0,0,0,0,0,3,3
2020.0,0,0,0,0,0,0,0,0,4,4
2030.0,0,0,0,0,0,0,0,0,7,7
2040.0,0,0,0,0,0,0,0,0,7,7
2050.0,0,0,0,0,0,0,0,0,6,6
2060.0,0,0,0,0,0,0,0,0,3,3
2070.0,0,0,0,0,0,0,0,0,3,3
2080.0,0,0,0,0,0,0,0,0,2,2
2090.0,0,0,0,0,0,0,0,0,3,3
2100.0,0,0,0,0,0,0,0,0,3,3
2110.0,0,0,0,0,0,0,0,0,5,5
2120.0,0,0,0,0,0,0,0,0,2,2
2130.0,0,0,0,0,0,0,0,0,0,0
2140.0,0,0,0,0,0,0,0,0,3,3
2150.0,0,0,0,0,0,0,0,0,4,4
2160.0,0,0,0,0,0,0,0,0,2,2
2170.0,0,0,0,0,0,0,0,0,1,1
2180.0,0,0,0,0,0,0,0,0,1,1
2190.0,0,0,0,0,0,0,0,0,3,3
2200.0,0,0,0,0,0,0,0,0,3,3
2210.0,0,0,0,0,0,0,0,0,0,0
2220.0,0,0,0,0,0,0,0,0,3,3
2230.0,0,0,0,0,0,0,0,0,0,0
2240.0,0,0,0,0,0,0,0,0,1,1
2250.0,0,0,0,0,0,0,0,0,1,1
2260.0,0,0,0,0,0,0,0,0,3,3
2270.0,0,0,0,0,0,0,0,0,0,0
2280.0,0,0,0,0,0,0,0,0,3,3
2290.0,0,0,0,0,0,0,0,0,2,2
2300.0,0,0,0,0,0,0,0,0,7,7
2310.0,0,0,0,0,0,0,0,0,4,4
2320.0,0,0,0,0,0,0,0,0,4,4
2330.0,0,0,0,0,0,0,0,0,2,2
2340.0,0,0,0,0,0,0,0,0,3,3
2350.0,0,0,0,0,0,0,0,0,2,2
2360.0,0,0,0,0,0,0,0,0,0,0
2370.0,0,0,0,0,0,0,0,0,0,0
2380.0,0,0,0,0,0,0,0,0,1,1
2390.0,0,0,0,0,0,0,0,0,3,3
2400.0,0,0,0,0,0,0,0,0,3,3
2410.0,0,0,0,0,0,0,0,0,3,3
2420.0,0,0,0,0,0,0,0,0,2,2
2430.0,0,0,0,0,0,0,0,0,1,1
2440.0,0,0,0,0,0,0,0,0,2,2
2450.0,0,0,0,0,0,0,0,0,2,2
2460.0,0,0,0,0,0,0,0,0,1,1
2470.0,0,0,0,0,0,0,0,0,2,2
2480.0,0,0,0,0,0,0,0,0,2,2
2490.0,0,0,0,0,0,0,0,0,1,1
2500.0,0,0,0,0,0,0,0,0,1,1
2510.0,0,0,0,0,0,0,0,0,1,1
2520.0,0,0,0,0,0,0,0,0,3,3
2530.0,0,0,1,0,0,0,0,0,2,3
2540.0,0,0,0,0,0,0,0,0,0,0
2550.0,0,0,0,0,0,0,0,0,4,4
2560.0,0,0,0,0,0,0,0,0,0,0
2570.0,0,0,0,0,0,0,0,0,2,2
2580.0,0,0,0,0,0,0,0,0,2,2
2590.0,0,0,0,0,0,0,0,0,4,4
2600.0,0,0,0,0,0,0,0,0,7,7
2610.0,0,0,0,0,0,0,0,0,3,3
2620.0,0,0,0,0,0,0,0,0,2,2
2630.0,0,0,0,0,0,0,0,0,2,2
2640.0,0,0,0,0,0,0,0,0,1,1
2650.0,0,0,0,0,0,0,0,0,1,1
2660.0,0,0,0,0,0,0,0,0,4,4
2670.0,0,0,0,0,0,0,0,0,3,3
2680.0,0,0,0,0,0,0,0,0,3,3
2690.0,0,0,0,0,0,0,0,0,2,2
2700.0,0,0,0,0,0,0,0,0,6,6
2710.0,0,0,0,0,0,0,0,0,8,8
2720.0,0,0,0,0,0,0,0,0,7,7
2730.0,0,0,0,0,0,0,0,0,6,6
2740.0,0,0,0,0,0,0,0,0,8,8
2750.0,0,0,0,0,0,0,0,0,3,3
2760.0,0,0,0,0,0,0,0,0,4,4
2770.0,0,0,0,0,0,0,0,0,1,1
2780.0,0,0,0,0,0,0,0,0,1,1
2790.0,0,0,0,0,0,0,0,0,3,3
2800.0,0,0,0,0,0,0,0,0,2,2
2810.0,0,0,0,0,0,0,0,0,3,3
2820.0,0,0,0,0,0,0,0,0,4,4
2830.0,0,0,0,0,0,0,0,0,4,4
2840.0,0,0,0,0,0,0,0,0,2,2
2850.0,0,0,0,0,0,0,0,0,2,2
2860.0,0,0,0,0,0,0,0,0,2,2
2870.0,0,0,0,0,0,0,0,0,7,7
2880.0,0,0,0,0,0,0,0,0,4,4
2890.0,0,0,0,0,0,0,0,0,2,2
2900.0,0,0,0,0,0,0,0,0,6,6
2910.0,0,0,0,0,0,0,0,0,2,2
2920.0,0,0,0,0,0,0,0,0,2,2
2930.0,0,0,0,0,0,0,0,0,3,3
2940.0,0,0,0,0,0,0,0,0,2,2
2950.0,0,0,0,0,0,0,0,0,1,1
2960.0,0,0,0,0,0,0,0,0,1,1
2970.0,0,0,0,0,0,0,0,0,0,0
2980.0,0,0,0,0,0,0,0,0,0,0
2990.0,0,0,0,0,0,0,0,0,2,2
3000.0,0,0,0,0,0,0,0,0,2,2
3010.0,0,0,0,0,0,0,0,0,4,4
3020.0,0,0,0,0,0,0,0,0,4,4
3030.0,0,0,0,0,0,0,0,0,3,3
3040.0,0,0,0,0,0,0,0,0,4,4
3050.0,0,0,0,0,0,0,0,0,7,7
3060.0,0,0,0,0,0,0,0,0,6,6
3070.0,0,0,0,0,0,0,0,0,2,2
3080.0,0,0,0,0,0,0,0,0,4,4
3090.0,0,0,0,0,0,0,0,0,2,2
3100.0,0,0,0,0,0,0,0,0,4,4
3110.0,0,0,0,0,0,0,0,0,7,7
3120.0,0,0,0,0,0,0,0,0,8,8
3130.0,0,0,0,0,0,0,0,0,6,6
3140.0,0,0,0,0,0,0,0,0,4,4
3150.0,0,0,0,0,0,0,0,0,0,0
3160.0,0,0,0,0,0,0,0,0,0,0
3170.0,0,0,0,0,0,0,0,0,0,0
3180.0,0,0,0,0,0,0,0,0,2,2
3190.0,0,0,0,0,0,0,0,0,4,4
3200.0,0,0,0,0,0,0,0,0,6,6
3210.0,0,0,0,0,0,0,0,0,5,5
3220.0,0,0,0,0,0,0,0,0,1,1
3230.0,0,0,0,0,0,0,0,0,1,1
3240.0,0,0,0,0,0,0,0,0,0,0
3250.0,0,0,0,0,0,0,0,0,2,2
3260.0,0,0,0,0,0,0,0,0,2,2
3270.0,0,0,0,0,0,0,0,0,2,2
3280.0,0,0,0,0,0,0,0,0,2,2
3290.0,0,0,0,0,0,0,0,0,1,1
3300.0,0,0,0,0,0,0,0,0,1,1
3310.0,0,0,0,0,0,0,0,0,0,0
3320.0,0,0,0,0,0,0,0,0,2,2
3330.0,0,0,0,0,0,0,0,0,6,6
3340.0,0,0,0,0,0,0,0,0,4,4
3350.0,0,0,0,0,0,0,0,0,4,4
3360.0,0,0,0,0,0,0,0,0,8,8
3370.0,0,0,0,0,0,0,0,0,6,6
3380.0,0,0,0,0,0,0,0,0,4,4
3390.0,0,0,0,0,0,0,0,0,3,3
3400.0,0,0,0,0,0,0,0,0,1,1
3410.0,0,0,0,0,0,0,0,0,1,1
3420.0,0,0,0,0,0,0,0,0,4,4
3430.0,0,0,0,0,0,0,0,0,3,3
3440.0,0,0,0,0,0,0,0,0,4,4
3450.0,0,0,0,0,0,0,0,0,2,2
3460.0,0,0,0,0,0,0,0,0,1,1
3470.0,0,0,0,0,0,0,0,0,1,1
3480.0,0,0,0,0,0,0,0,0,3,3
3490.0,0,0,0,0,0,0,0,0,1,1
3500.0,0,0,0,0,0,0,0,0,2,2
3510.0,0,0,0,0,0,0,0,0,2,2
3520.0,0,0,0,0,0,0,0,0,1,1
3530.0,0,0,0,0,0,0,0,0,4,4
3540.0,0,0,0,0,0,0,0,0,5,5
3550.0,0,0,0,0,0,0,0,0,1,1
3560.0,0,0,0,0,0,0,0,0,1,1
3570.0,0,0,0,0,0,0,0,0,2,2
3580.0,0,0,0,0,0,0,0,0,1,1
3590.0,0,0,0,0,0,0,0,0,0,0
3600.0,0,0,0,0,0,0,0,0,2,2
3610.0,0,0,0,0,0,0,0,0,9,9
3620.0,0,0,0,0,0,0,0,0,3,3
3630.0,0,0,0,0,0,0,0,0,4,4
3640.0,0,0,0,0,0,0,0,0,5,5
3650.0,0,0,0,0,0,0,0,0,1,1
3660.0,0,0,0,0,0,0,0,0,4,4
3670.0,0,0,0,0,0,0,0,0,7,7
3680.0,0,0,0,0,0,0,0,0,6,6
3690.0,0,0,0,0,0,0,0,0,3,3
3700.0,0,0,0,0,0,0,0,0,3,3
3710.0,0,0,0,0,0,0,0,0,2,2
3720.0,0,0,0,0,0,0,0,0,3,3
3730.0,0,0,0,0,0,0,0,0,4,4
3740.0,0,0,0,0,0,0,0,0,4,4
3750.0,0,0,0,0,0,0,0,0,2,2
3760.0,0,0,0,0,0,0,0,0,3,3
3770.0,0,0,0,0,0,0,0,0,3,3
3780.0,0,0,0,0,0,0,0,0,2,2
3790.0,0,0,0,0,0,0,0,0,5,5
3800.0,0,0,0,0,0,0,0,0,1,1
3810.0,0,0,0,0,0,0,0,0,2,2
3820.0,0,0,0,0,0,0,0,0,3,3
3830.0,0,0,0,0,0,0,0,0,4,4
3840.0,0,0,0,0,0,0,0,0,3,3
3850.0,0,0,0,0,0,0,0,0,3,3
3860.0,0,0,0,0,0,0,0,0,3,3
3870.0,0,0,0,0,0,0,0,0,0,0
3880.0,0,0,0,0,0,0,0,0,3,3
3890.0,0,0,0,0,0,0,0,0,4,4
3900.0,0,0,0,0,0,0,0,0,3,3
3910.0,0,0,0,0,0,0,0,0,2,2
3920.0,0,0,0,0,0,0,0,0,2,2
3930.0,0,0,0,0,0,0,0,0,1,1
3940.0,0,0,0,0,0,0,0,0,2,2
3950.0,0,0,0,0,0,0,0,0,1,1
3960.0,0,0,0,0,0,0,0,0,3,3
3970.0,0,0,0,0,0,0,0,0,4,4
3980.0,0,0,0,0,0,0,0,0,3,3
3990.0,0,0,0,0,0,0,0,0,1,1
4000.0,0,0,0,0,0,0,0,0,2,2
4010.0,0,0,0,0,0,0,0,0,2,2
4020.0,0,0,0,0,0,0,0,0,2,2
4030.0,0,0,0,0,0,0,0,0,2,2
4040.0,0,0,0,0,0,0,0,0,2,2
4050.0,0,0,0,0,0,0,0,0,3,3
4060.0,0,0,0,0,0,0,0,0,0,0
4070.0,0,0,0,0,0,0,0,0,1,1
4080.0,0,0,0,0,0,0,0,0,7,7
4090.0,0,0,0,0,0,0,0,0,2,2
4100.0,0,0,0,0,0,0,0,0,2,2
4110.0,0,0,0,0,0,0,0,0,4,4
4120.0,0,0,0,0,0,0,0,0,1,1
4130.0,0,0,0,0,0,0,0,0,2,2
4140.0,0,0,0,0,0,0,0,0,8,8
4150.0,0,0,0,0,0,0,0,0,3,3
4160.0,0,0,0,0,0,0,0,0,2,2
4170.0,0,0,0,0,0,0,0,0,1,1
4180.0,0,0,0,0,0,0,0,0,1,1
4190.0,0,0,0,0,0,0,0,0,3,3
4200.0,0,0,0,0,0,0,0,0,3,3
4210.0,0,0,0,0,0,0,0,0,1,1
4220.0,0,0,0,0,0,0,0,0,2,2
4230.0,0,0,0,0,0,0,0,0,3,3
4240.0,0,0,0,0,0,0,0,0,4,4
4250.0,0,0,0,0,0,0,0,0,3,3
4260.0,0,0,0,0,0,0,0,0,2,2
4270.0,0,0,0,0,0,0,0,0,2,2
4280.0,0,0,0,0,0,0,0,0,2,2
4290.0,0,0,0,0,0,0,0,0,1,1
4300.0,0,0,0,0,0,0,0,0,1,1
4310.0,0,0,0,0,0,0,0,0,2,2
4320.0,0,0,0,0,0,0,0,0,6,6
4330.0,0,0,0,0,0,0,0,0,4,4
4340.0,0,0,0,0,0,0,0,0,1,1
4350.0,0,0,0,0,0,0,0,0,2,2
4360.0,0,0,0,0,0,0,0,0,1,1
4370.0,0,0,0,0,0,0,0,0,2,2
4380.0,0,0,0,0,0,0,0,0,3,3
4390.0,0,0,0,0,0,0,0,0,3,3
4400.0,0,0,0,0,0,0,0,0,3,3
4410.0,0,0,0,0,0,0,0,0,0,0
4420.0,0,0,0,0,0,0,0,0,2,2
4430.0,0,0,0,0,0,0,0,0,3,3
4440.0,0,0,0,0,0,0,0,0,2,2
4450.0,0,0,0,0,0,0,0,0,1,1
4460.0,0,0,0,0,0,0,0,0,6,6
4470.0,0,0,0,0,0,0,0,0,8,8
4480.0,0,0,0,0,0,0,0,0,1,1
4490.0,0,0,0,0,0,0,0,0,1,1
4500.0,0,0,0,0,0,0,0,0,3,3
4510.0,0,0,0,0,0,0,0,0,1,1
4520.0,0,0,0,0,0,0,0,0,4,4
4530.0,0,0,0,0,0,0,0,0,2,2
4540.0,0,0,0,0,0,0,0,0,5,5
4550.0,0,0,0,0,0,0,0,0,6,6
4560.0,0,0,0,0,0,0,0,0,1,1
4570.0,0,0,0,0,0,0,0,0,2,2
4580.0,0,0,0,0,0,0,0,0,5,5
4590.0,0,0,0,0,0,0,0,0,2,2
4600.0,0,0,0,0,0,0,0,0,3,3
4610.0,0,0,0,0,0,0,0,0,3,3
4620.0,0,0,0,0,0,0,0,0,4,4
4630.0,0,0,0,0,0,0,0,0,2,2
4640.0,0,0,0,0,0,0,0,0,3,3
4650.0,0,0,0,0,0,0,0,0,3,3
4660.0,0,0,0,0,0,0,0,0,2,2
4670.0,0,0,0,0,0,0,0,0,1,1
4680.0,0,0,0,0,0,0,0,0,5,5
4690.0,0,0,0,0,0,0,0,0,1,1
4700.0,0,0,0,0,0,0,0,0,1,1
4710.0,0,0,0,0,0,0,0,0,0,0
4720.0,0,0,0,0,0,0,0,0,1,1
4730.0,0,0,0,0,0,0,0,0,2,2
4740.0,0,0,0,0,0,0,0,0,6,6
4750.0,0,0,0,0,0,0,0,0,3,3
4760.0,0,0,0,0,0,0,0,0,3,3
4770.0,0,0,0,0,0,0,0,0,3,3
4780.0,0,0,0,0,0,0,0,0,5,5
4790.0,0,0,0,0,0,0,0,0,3,3
4800.0,0,0,0,0,0,0,0,0,0,0
4810.0,0,0,0,0,0,0,0,0,3,3
4820.0,0,0,0,0,0,0,0,0,3,3
4830.0,0,0,0,0,0,0,0,0,2,2
4840.0,0,0,0,0,0,0,0,0,1,1
4850.0,0,0,0,0,0,0,0,0,2,2
4860.0,0,0,0,0,0,0,0,0,3,3
4870.0,0,0,0,0,0,0,0,0,2,2
4880.0,0,0,0,0,0,0,0,0,3,3
4890.0,0,0,0,0,0,0,0,0,1,1
4900.0,0,0,0,0,0,0,0,0,6,6
4910.0,0,0,0,0,0,0,0,0,7,7
4920.0,0,0,0,0,0,0,0,0,2,2
4930.0,0,0,0,0,0,0,0,0,4,4
4940.0,0,0,0,0,0,0,0,0,4,4
4950.0,0,0,0,0,0,0,0,0,2,2
4960.0,0,0,0,0,0,0,0,0,3,3
4970.0,0,0,0,0,0,0,0,0,7,7
4980.0,0,0,0,0,0,0,0,0,4,4
4990.0,0,0,0,0,0,0,0,0,3,3
5000.0,0,0,0,0,0,0,0,0,5,5
5010.0,0,0,0,0,0,0,0,0,6,6
5020.0,0,0,0,0,0,0,0,0,4,4
5030.0,0,0,0,0,0,0,0,0,6,6
5040.0,0,0,0,0,0,0,0,0,4,4
5050.0,0,0,0,0,0,0,0,0,1,1
5060.0,0,0,0,0,0,0,0,0,0,0
5070.0,0,0,0,0,0,0,0,0,2,2
5080.0,0,0,0,0,0,0,0,0,1,1
5090.0,0,0,0,0,0,0,0,0,0,0
5100.0,0,0,0,0,0,0,0,0,1,1
5110.0,0,0,0,0,0,0,0,0,3,3
5120.0,0,0,0,0,0,0,0,0,3,3
5130.0,0,0,0,0,0,0,0,0,2,2
5140.0,0,0,0,0,0,0,0,0,3,3
5150.0,0,0,0,0,0,0,0,0,3,3
5160.0,0,0,0,0,0,0,0,0,4,4
5170.0,0,0,0,0,0,0,0,0,6,6
5180.0,0,0,0,0,0,0,0,0,3,3
5190.0,0,0,0,0,0,0,0,0,1,1
5200.0,0,0,0,0,0,0,0,0,2,2
5210.0,0,0,0,0,0,0,0,0,1,1
5220.0,0,0,0,0,0,0,0,0,4,4
5230.0,0,0,0,0,0,0,0,0,2,2
5240.0,0,0,0,0,0,0,0,0,2,2
5250.0,0,0,0,0,0,0,0,0,3,3
5260.0,0,0,0,0,0,0,0,0,2,2
5270.0,0,0,0,0,0,0,0,0,5,5
5280.0,0,0,0,0,0,0,0,0,4,4
5290.0,0,0,0,0,0,0,0,0,6,6
5300.0,0,0,0,0,0,0,0,0,3,3
5310.0,0,0,0,0,0,0,0,0,3,3
5320.0,0,0,0,0,0,0,0,0,6,6
5330.0,0,0,0,0,0,0,0,0,8,8
5340.0,0,0,0,0,0,0,0,0,3,3
5350.0,0,0,0,0,0,0,0,0,3,3
5360.0,0,0,0,0,0,0,0,0,6,6
5370.0,0,0,0,0,0,0,0,0,1,1
5380.0,0,0,0,0,0,0,0,0,0,0
5390.0,0,0,0,0,0,0,0,0,2,2
5400.0,0,0,0,0,0,0,0,0,1,1
5410.0,0,0,0,0,0,0,0,0,1,1
5420.0,0,0,0,0,0,0,0,0,3,3
5430.0,0,0,0,0,0,0,0,0,1,1
5440.0,0,0,0,0,0,0,0,0,1,1
5450.0,0,0,0,0,0,0,0,0,2,2
5460.0,0,0,0,0,0,0,0,0,4,4
5470.0,0,0,0,0,0,0,0,0,5,5
5480.0,0,0,0,0,0,0,0,0,5,5
5490.0,0,0,0,0,0,0,0,0,3,3
5500.0,0,0,0,0,0,0,0,0,3,3
5510.0,0,0,0,0,0,0,0,0,1,1
5520.0,0,0,0,0,0,0,0,0,1,1
5530.0,0,0,0,0,0,0,0,0,4,4
5540.0,0,0,0,0,0,0,0,0,1,1
5550.0,0,0,0,0,0,0,0,0,2,2
5560.0,0,0,0,0,0,0,0,0,2,2
5570.0,0,0,0,0,0,0,0,0,1,1
5580.0,0,0,0,0,0,0,0,0,4,4
5590.0,0,0,0,0,0,0,0,0,2,2
5600.0,0,0,0,0,0,0,0,0,2,2
5610.0,0,0,0,0,0,0,0,0,2,2
5620.0,0,0,0,0,0,0,0,0,3,3
5630.0,0,0,0,0,0,0,0,0,4,4
5640.0,0,0,0,0,0,0,0,0,5,5
5650.0,0,0,0,0,0,0,0,0,4,4
5660.0,0,0,0,0,0,0,0,0,6,6
5670.0,0,0,0,0,0,0,0,0,4,4
5680.0,0,0,0,0,0,0,0,0,2,2
5690.0,0,0,0,0,0,0,0,0,1,1
5700.0,0,0,0,0,0,0,0,0,3,3
5710.0,0,0,0,0,0,0,0,0,1,1
5720.0,0,0,0,0,0,0,0,0,0,0
5730.0,0,0,0,0,0,0,0,0,1,1
5740.0,0,0,0,0,0,0,0,0,1,1
5750.0,0,0,0,0,0,0,0,0,1,1
5760.0,0,0,0,0,0,0,0,0,3,3
5770.0,0,0,0,0,0,0,0,0,3,3
5780.0,0,0,0,0,0,0,0,0,2,2
5790.0,0,0,0,0,0,0,0,0,6,6
5800.0,0,0,0,0,0,0,0,0,2,2
5810.0,0,0,0,0,0,0,0,0,1,1
5820.0,0,0,0,0,0,0,0,0,2,2
5830.0,0,0,0,0,0,0,0,0,1,1
5840.0,0,0,0,0,0,0,0,0,1,1
5850.0,0,0,0,0,0,0,0,0,4,4
5860.0,0,0,0,0,0,0,0,0,1,1
5870.0,0,0,0,0,0,0,0,0,2,2
5880.0,0,0,0,0,0,0,0,0,1,1
5890.0,0,0,0,0,0,0,0,0,2,2
5900.0,0,0,0,0,0,0,0,0,4,4
5910.0,0,0,0,0,0,0,0,0,2,2
5920.0,0,0,0,0,0,0,0,0,3,3
5930.0,0,0,0,0,0,0,0,0,1,1
5940.0,0,0,0,0,0,0,0,0,3,3
5950.0,0,1,0,0,0,0,0,0,1,2
5960.0,0,0,0,0,0,0,0,0,4,4
5970.0,0,0,0,0,0,0,0,0,5,5
5980.0,0,0,0,0,0,0,0,0,1,1
5990.0,0,0,0,0,0,0,0,0,2,2
6000.0,0,0,0,0,0,0,0,0,5,5
6010.0,0,0,0,0,0,0,0,0,4,4
6020.0,0,0,0,0,0,0,0,0,6,6
6030.0,0,0,0,0,0,0,0,0,7,7
6040.0,0,0,0,0,0,0,0,0,3,3
6050.0,0,0,0,0,0,0,0,0,3,3
6060.0,0,0,0,0,0,0,0,0,4,4
6070.0,0,0,0,0,0,0,0,0,1,1
6080.0,0,0,0,0,0,0,0,0,3,3
6090.0,0,0,0,0,0,0,0,0,1,1
6100.0,0,0,0,0,0,0,0,0,1,1
6110.0,0,0,0,0,0,0,0,0,6,6
6120.0,0,0,0,0,0,0,0,0,2,2
6130.0,0,0,0,0,0,0,0,0,2,2
6140.0,0,0,0,1,0,0,0,0,4,5
6150.0,0,0,0,0,0,0,0,0,1,1
6160.0,0,0,0,0,0,0,0,0,2,2
6170.0,0,0,0,0,0,0,0,0,4,4
6180.0,0,0,0,0,0,0,0,0,4,4
6190.0,0,0,0,0,0,0,0,0,1,1
6200.0,0,0,0,0,0,0,0,0,2,2
6210.0,0,0,0,0,0,0,0,0,0,0
6220.0,0,0,0,0,0,0,0,0,1,1
6230.0,0,0,0,0,0,0,0,0,2,2
6240.0,0,0,0,0,0,0,0,0,3,3
6250.0,0,0,0,0,0,0,0,0,3,3
6260.0,0,0,0,0,0,0,0,0,2,2
6270.0,0,0,0,0,0,0,0,0,0,0
6280.0,0,0,0,0,0,0,0,0,5,5
6290.0,0,0,0,0,0,0,0,0,2,2
6300.0,0,0,0,0,0,0,0,0,7,7
6310.0,0,0,0,0,0,0,0,0,0,0
6320.0,0,0,0,0,0,0,0,0,3,3
6330.0,0,0,0,0,0,0,0,0,2,2
6340.0,0,0,0,0,0,0,0,0,3,3
6350.0,0,0,0,0,0,0,0,0,2,2
6360.0,0,0,0,0,0,0,0,0,3,3
6370.0,0,0,0,0,0,0,0,0,2,2
6380.0,0,0,0,0,0,0,0,0,3,3
6390.0,0,0,0,0,0,0,0,0,3,3
6400.0,0,0,0,0,0,0,0,0,6,6
6410.0,0,0,0,0,0,0,0,0,2,2
6420.0,0,0,0,0,0,0,0,0,1,1
6430.0,0,0,0,0,0,0,0,0,1,1
6440.0,0,0,0,0,0,0,0,0,2,2
6450.0,0,0,0,0,0,0,0,0,1,1
6460.0,0,0,0,0,0,0,0,0,1,1
6470.0,0,0,0,0,0,0,0,0,0,0
6480.0,0,0,0,0,0,0,0,0,3,3
6490.0,0,0,0,0,0,0,0,0,3,3
6500.0,0,0,0,0,0,0,0,0,1,1
6510.0,0,0,0,0,0,0,0,0,2,2
6520.0,0,0,0,0,0,0,0,0,2,2
6530.0,0,0,0,0,0,0,0,0,1,1
6540.0,0,0,0,0,0,0,0,0,3,3
6550.0,0,0,0,0,0,0,0,0,9,9
6560.0,0,0,0,0,0,0,0,0,2,2
6570.0,0,0,0,0,0,0,0,0,2,2
6580.0,0,0,0,0,0,0,0,0,0,0
6590.0,0,0,0,0,0,0,0,0,3,3
6600.0,0,0,0,0,0,0,0,0,3,3
6610.0,0,0,0,0,0,0,0,0,6,6
6620.0,0,0,0,0,0,0,0,0,3,3
6630.0,0,0,0,0,0,0,0,0,10,10
6640.0,0,0,0,0,0,0,0,0,3,3
6650.0,0,0,0,0,0,0,0,0,3,3
6660.0,0,0,0,0,0,0,0,0,7,7
6670.0,0,0,0,0,0,0,0,0,3,3
6680.0,0,0,0,0,0,0,0,0,1,1
6690.0,0,0,0,0,0,0,0,0,1,1
6700.0,0,0,0,0,0,0,0,0,3,3
6710.0,0,0,0,0,0,0,0,0,2,2
6720.0,0,0,0,0,0,0,0,0,1,1
6730.0,0,0,0,0,0,0,0,0,2,2
6740.0,0,0,0,0,0,0,0,0,2,2
6750.0,0,0,0,0,0,0,0,0,4,4
6760.0,0,0,0,0,0,0,0,0,6,6
6770.0,0,0,0,0,0,0,0,0,1,1
6780.0,0,0,0,0,0,0,0,0,7,7
6790.0,0,0,0,0,0,0,0,0,7,7
6800.0,0,0,0,0,0,0,0,0,3,3
6810.0,0,0,0,0,0,0,0,0,4,4
6820.0,0,0,0,0,0,0,0,0,2,2
6830.0,0,0,0,0,0,0,0,0,4,4
6840.0,0,0,0,0,0,0,0,0,2,2
6850.0,0,0,0,0,0,0,0,0,2,2
6860.0,0,0,0,0,0,0,0,0,0,0
6870.0,0,0,0,0,0,0,0,0,3,3
6880.0,0,0,0,0,0,0,0,0,1,1
6890.0,0,0,0,0,0,0,0,0,5,5
6900.0,0,0,0,0,0,0,0,0,3,3
6910.0,0,0,0,0,0,0,0,0,3,3
6920.0,0,0,0,0,0,0,0,0,5,5
6930.0,0,0,0,0,0,0,0,0,5,5
6940.0,0,0,0,0,0,0,0,0,3,3
6950.0,0,0,0,0,0,0,0,0,2,2
6960.0,0,0,0,0,0,0,0,0,4,4
6970.0,0,0,0,0,0,0,0,0,0,0
6980.0,0,0,0,0,0,0,0,0,4,4
6990.0,0,0,0,0,0,0,0,0,4,4
7000.0,0,0,0,0,0,0,0,0,4,4
7010.0,0,0,0,0,0,0,0,0,7,7
7020.0,0,0,0,0,0,0,0,0,4,4
7030.0,0,0,0,0,0,0,0,0,1,1
7040.0,0,0,0,0,0,0,0,0,1,1
7050.0,0,0,0,0,0,0,0,0,1,1
7060.0,0,0,0,0,0,0,0,0,0,0
7070.0,0,0,0,0,0,0,0,0,1,1
7080.0,0,0,0,0,0,0,0,0,2,2
7090.0,0,0,0,0,0,0,0,0,1,1
7100.0,0,0,0,0,0,0,0,0,2,2
7110.0,0,0,0,0,0,0,0,0,3,3
7120.0,0,0,0,0,0,0,0,0,2,2
7130.0,0,0,0,0,0,0,0,0,4,4
7140.0,0,0,0,0,0,0,0,0,2,2
7150.0,0,0,0,0,0,0,0,0,3,3
7160.0,0,0,0,0,0,0,0,0,1,1
7170.0,0,0,0,0,0,0,0,0,2,2
7180.0,0,0,0,0,0,0,0,0,5,5
7190.0,0,0,0,0,0,0,0,0,4,4
7200.0,0,0,0,0,0,0,0,0,0,0
7210.0,0,0,0,0,0,0,0,0,1,1
7220.0,0,0,0,0,0,0,0,0,3,3
7230.0,0,0,0,0,0,0,0,0,2,2
7240.0,0,0,0,0,0,0,0,0,4,4
7250.0,0,0,0,0,0,0,0,0,1,1
7260.0,0,0,0,0,0,0,0,0,0,0
7270.0,0,0,0,0,0,0,0,0,2,2
7280.0,0,0,0,0,0,0,0,0,1,1
7290.0,0,0,0,0,0,0,0,0,3,3
7300.0,0,0,0,0,0,0,0,0,1,1
7310.0,0,0,0,0,0,0,0,0,4,4
7320.0,0,0,0,0,0,0,0,0,1,1
7330.0,0,0,0,0,0,0,0,0,1,1
7340.0,0,0,0,0,0,0,0,0,6,6
7350.0,0,0,0,0,0,0,0,0,3,3
7360.0,0,0,0,0,0,0,0,0,4,4
7370.0,0,0,0,0,0,0,0,0,0,0
7380.0,0,0,0,0,0,0,0,0,4,4
7390.0,0,0,0,0,0,0,0,0,3,3
7400.0,0,0,0,0,0,0,0,0,2,2
7410.0,0,0,0,0,0,0,0,0,3,3
7420.0,0,0,0,0,0,0,0,0,1,1
7430.0,0,0,0,0,0,0,0,0,1,1
7440.0,0,0,0,0,0,0,0,0,1,1
7450.0,0,0,0,0,0,0,0,0,1,1
7460.0,0,0,0,0,0,0,0,0,5,5
7470.0,0,0,0,0,0,0,0,0,4,4
7480.0,0,0,0,0,0,0,0,0,1,1
7490.0,0,0,0,0,0,0,0,0,1,1
7500.0,0,0,0,0,0,0,0,0,5,5
7510.0,0,0,0,0,0,0,0,0,1,1
7520.0,0,0,0,0,0,0,0,0,1,1
7530.0,0,0,0,0,0,0,0,0,0,0
7540.0,0,0,0,0,0,0,0,0,0,0
7550.0,0,0,0,0,0,0,0,0,0,0
7560.0,0,0,0,0,0,0,0,0,1,1
7570.0,0,0,0,0,0,0,0,0,6,6
7580.0,0,0,0,0,0,0,0,0,2,2
7590.0,0,0,0,0,0,0,0,0,2,2
7600.0,0,0,0,0,0,0,0,0,4,4
7610.0,0,0,0,0,0,0,0,0,4,4
7620.0,0,0,0,0,0,0,0,0,4,4
7630.0,0,0,0,0,0,0,0,0,2,2
7640.0,0,0,0,0,0,0,0,0,3,3
7650.0,0,0,0,0,0,0,0,0,4,4
7660.0,0,0,0,0,0,0,0,0,4,4
7670.0,0,0,0,0,0,0,0,0,4,4
7680.0,0,0,0,0,0,0,0,0,0,0
7690.0,0,0,0,0,0,0,0,0,1,1
7700.0,0,0,0,0,0,0,0,0,1,1
7710.0,0,0,0,0,0,0,0,0,3,3
7720.0,0,0,0,0,0,0,0,0,3,3
7730.0,0,0,0,0,0,0,0,0,2,2
7740.0,0,0,0,0,0,0,0,0,2,2
7750.0,0,0,0,0,0,0,0,0,4,4
7760.0,0,0,0,0,0,0,0,0,3,3
7770.0,0,0,0,0,0,0,0,0,2,2
7780.0,0,0,0,0,0,0,0,0,4,4
7790.0,0,0,0,0,0,0,0,0,4,4
7800.0,0,0,0,0,0,0,0,0,5,5
7810.0,0,0,0,0,0,0,0,0,6,6
7820.0,0,0,0,0,0,0,0,0,2,2
7830.0,0,0,0,0,0,0,0,0,3,3
7840.0,0,0,0,0,0,0,0,0,3,3
7850.0,0,0,0,0,0,0,0,0,0,0
7860.0,0,0,0,0,0,0,0,0,2,2
7870.0,0,0,0,0,0,0,0,0,3,3
7880.0,0,0,0,0,0,0,0,0,1,1
7890.0,0,0,0,0,0,0,0,0,3,3
7900.0,0,0,0,0,0,0,0,1,2,3
7910.0,0,0,0,0,0,0,0,0,2,2
7920.0,0,0,0,0,0,0,0,0,3,3
7930.0,0,0,0,0,0,0,0,0,2,2
7940.0,0,0,0,0,0,0,0,0,3,3
7950.0,0,0,0,0,0,0,0,0,3,3
7960.0,0,0,0,0,0,0,0,0,6,6
7970.0,0,0,0,0,0,0,0,0,4,4
7980.0,0,0,0,0,0,0,0,0,3,3
7990.0,0,0,0,0,0,0,0,0,4,4
8000.0,0,0,0,0,0,0,0,0,1,1
8010.0,0,0,0,0,0,0,0,0,2,2
8020.0,0,0,0,0,0,0,0,0,4,4
8030.0,0,0,0,0,0,0,0,0,3,3
8040.0,0,0,0,0,0,0,0,0,2,2
8050.0,0,0,0,0,0,0,0,0,2,2
8060.0,0,0,0,0,0,0,0,0,6,6
8070.0,0,0,0,0,0,0,0,0,5,5
8080.0,0,0,0,0,0,0,0,0,5,5
8090.0,0,0,0,0,0,0,0,0,5,5
8100.0,0,0,0,0,0,0,0,0,6,6
8110.0,0,0,0,0,0,0,0,0,7,7
8120.0,0,0,0,0,0,0,0,0,2,2
8130.0,0,0,0,0,0,0,0,0,3,3
8140.0,0,0,0,0,0,0,0,0,2,2
8150.0,0,0,0,0,0,0,0,0,2,2
8160.0,0,0,0,0,0,0,0,0,4,4
8170.0,0,0,0,0,0,0,0,0,3,3
8180.0,0,0,0,0,0,0,0,0,2,2
8190.0,0,0,0,0,0,0,0,0,1,1
8200.0,0,0,0,0,0,0,0,0,1,1
8210.0,0,0,0,0,0,0,0,0,3,3
8220.0,0,0,0,0,0,0,0,0,4,4
8230.0,0,0,0,0,0,0,0,0,1,1
8240.0,0,0,0,0,0,0,0,0,2,2
8250.0,0,0,0,0,0,0,0,0,4,4
8260.0,0,0,0,0,0,0,0,0,1,1
8270.0,0,0,0,0,0,0,0,0,1,1
8280.0,0,0,0,0,0,0,0,0,1,1
8290.0,0,0,0,0,0,0,0,0,6,6
8300.0,0,0,0,0,0,0,0,0,5,5
8310.0,0,0,0,0,0,0,0,0,2,2
8320.0,0,0,0,0,0,0,0,0,3,3
8330.0,0,0,0,0,0,0,0,0,1,1
8340.0,0,0,0,0,0,0,0,0,4,4
8350.0,0,0,0,0,0,0,0,0,4,4
8360.0,0,0,0,0,0,0,0,0,5,5
8370.0,0,0,0,0,0,0,0,0,5,5
8380.0,0,0,0,0,0,0,0,0,2,2
8390.0,0,0,0,0,0,0,0,0,4,4
8400.0,0,0,0,0,0,0,0,0,0,0
8410.0,0,0,0,0,0,0,0,0,2,2
8420.0,0,0,0,0,0,0,0,0,1,1
8430.0,0,0,0,0,0,0,0,0,2,2
8440.0,0,0,0,0,0,0,0,0,4,4
8450.0,0,0,0,0,0,0,0,0,1,1
8460.0,0,0,0,0,0,0,0,0,2,2
8470.0,0,0,0,0,0,0,0,0,3,3
8480.0,0,0,0,0,0,0,0,0,3,3
8490.0,0,0,0,0,0,0,0,0,2,2
8500.0,0,0,0,0,0,0,0,0,6,6
8510.0,0,0,0,0,0,0,0,0,4,4
8520.0,0,0,0,0,0,0,0,0,3,3
8530.0,0,0,0,0,0,0,0,0,7,7
8540.0,0,0,0,0,0,0,0,0,3,3
8550.0,0,0,0,0,0,0,0,0,2,2
8560.0,0,0,0,0,0,0,0,0,4,4
8570.0,0,0,0,0,0,0,0,0,1,1
8580.0,0,0,0,0,0,0,0,0,4,4
8590.0,0,0,0,0,0,0,0,0,4,4
8600.0,0,0,0,0,0,0,0,0,2,2
8610.0,0,0,0,0,0,0,0,0,4,4
8620.0,0,0,0,0,0,0,0,0,4,4
8630.0,0,0,0,0,0,0,0,0,6,6
8640.0,0,0,0,0,0,0,0,0,7,7
8650.0,0,0,0,0,0,0,0,0,6,6
8660.0,0,0,0,0,0,0,0,0,2,2
8670.0,0,0,0,0,0,0,0,0,2,2
8680.0,0,0,0,0,0,0,0,0,2,2
8690.0,0,0,0,0,0,0,0,0,3,3
8700.0,0,0,0,0,0,0,0,0,5,5
8710.0,0,0,0,0,0,0,0,0,4,4
8720.0,0,0,0,0,0,0,0,0,3,3
8730.0,0,0,0,0,0,0,0,0,4,4
8740.0,0,0,0,0,0,0,0,0,6,6
8750.0,0,0,0,0,0,0,0,0,5,5
8760.0,0,0,0,0,0,0,0,0,3,3
8770.0,0,0,0,0,0,0,0,0,3,3
8780.0,0,0,0,0,0,0,0,0,1,1
8790.0,0,0,0,0,0,0,0,0,8,8
8800.0,0,0,0,0,0,0,0,0,7,7
8810.0,0,0,0,0,0,0,0,0,3,3
8820.0,0,0,0,0,0,0,0,0,2,2
8830.0,0,0,0,0,0,0,0,0,6,6
8840.0,0,0,0,0,0,0,0,0,3,3
8850.0,0,0,0,0,0,0,0,0,5,5
8860.0,0,0,0,0,0,0,0,0,1,1
8870.0,0,0,0,0,0,0,0,0,1,1
8880.0,0,0,0,0,0,0,0,0,3,3
8890.0,0,0,0,0,0,0,0,0,4,4
8900.0,0,0,0,0,0,0,0,0,7,7
8910.0,0,0,0,0,0,0,0,0,6,6
8920.0,0,0,0,0,0,0,0,0,6,6
8930.0,0,0,0,0,0,0,0,0,5,5
8940.0,0,0,0,0,0,0,0,0,5,5
8950.0,0,0,0,0,0,0,0,0,4,4
8960.0,0,0,0,0,0,0,0,0,5,5
8970.0,0,0,0,0,0,0,0,0,4,4
8980.0,0,0,0,0,0,0,0,0,3,3
8990.0,0,0,0,0,0,0,0,0,1,1
9000.0,0,0,0,0,0,0,0,0,4,4
9010.0,0,0,0,0,0,0,0,0,4,4
9020.0,0,0,0,0,0,0,0,0,3,3
9030.0,0,0,0,0,0,0,0,0,4,4
9040.0,0,0,0,0,0,0,0,0,5,5
9050.0,0,0,0,0,0,0,0,0,4,4
9060.0,0,0,0,0,0,0,0,0,3,3
9070.0,0,0,0,0,0,0,0,0,3,3
9080.0,0,0,0,0,0,0,0,0,0,0
9090.0,0,0,0,0,0,0,0,0,1,1
9100.0,0,0,0,0,0,0,0,0,2,2
9110.0,0,0,0,0,0,0,0,0,1,1
9120.0,0,0,0,0,0,0,0,0,3,3
9130.0,0,0,0,0,0,0,0,0,2,2
9140.0,0,0,0,0,0,0,0,0,1,1
9150.0,0,0,0,0,0,0,0,0,1,1
9160.0,0,0,0,0,0,0,0,0,1,1
9170.0,0,0,0,0,0,0,0,0,2,2
9180.0,0,0,0,0,0,0,0,0,4,4
9190.0,0,0,0,0,0,0,0,0,2,2
9200.0,0,0,0,0,0,0,0,0,2,2
9210.0,0,0,0,0,0,0,0,0,6,6
9220.0,0,0,0,0,0,0,0,0,5,5
9230.0,0,0,0,0,0,0,0,0,4,4
9240.0,0,0,0,0,0,0,0,0,3,3
9250.0,0,0,0,0,0,0,0,0,1,1
9260.0,0,0,0,0,0,0,0,0,3,3
9270.0,0,0,0,0,0,0,0,0,3,3
9280.0,0,0,0,0,0,0,0,0,2,2
9290.0,0,0,0,0,0,0,0,0,2,2
9300.0,0,0,0,0,0,0,0,0,2,2
9310.0,0,0,0,0,0,0,0,0,3,3
9320.0,0,0,0,0,0,0,0,0,4,4
9330.0,0,0,0,0,0,0,0,0,4,4
9340.0,0,0,0,0,0,0,0,0,2,2
9350.0,0,0,0,0,0,0,0,0,2,2
9360.0,0,0,0,0,0,0,0,0,3,3
9370.0,0,0,0,0,0,0,0,0,5,5
9380.0,0,0,0,0,1,0,0,0,5,6
9390.0,0,0,0,0,1,0,0,0,8,9
9400.0,0,0,0,0,0,0,0,0,6,6
9410.0,0,0,0,0,0,0,0,0,5,5
9420.0,0,0,0,0,0,0,0,0,3,3
9430.0,0,0,0,0,0,0,0,0,3,3
9440.0,0,0,0,0,0,0,0,0,3,3
9450.0,0,0,0,0,0,0,0,0,1,1
9460.0,0,0,0,0,0,0,0,0,4,4
9470.0,0,0,0,0,0,0,0,0,3,3
9480.0,0,0,0,0,0,0,0,0,5,5
9490.0,0,0,0,0,0,0,0,0,0,0
9500.0,0,0,0,0,0,0,0,0,1,1
9510.0,0,0,0,0,0,0,0,0,2,2
9520.0,0,0,0,0,0,0,0,0,3,3
9530.0,0,0,0,0,0,0,0,0,4,4
9540.0,0,0,0,0,0,0,0,0,3,3
9550.0,0,0,0,0,0,0,0,0,2,2
9560.0,0,0,0,0,0,0,0,0,4,4
9570.0,0,0,0,0,0,0,0,0,3,3
9580.0,0,0,0,0,0,0,0,0,6,6
9590.0,0,0,0,0,0,0,0,0,4,4
9600.0,0,0,0,0,0,0,0,0,3,3
9610.0,0,0,0,0,0,0,0,0,2,2
9620.0,0,0,0,0,0,0,0,0,5,5
9630.0,0,0,0,0,0,0,0,0,1,1
9640.0,0,0,0,0,0,0,0,0,3,3
9650.0,0,0,0,0,0,0,0,0,0,0
9660.0,0,0,0,0,0,0,0,0,4,4
9670.0,0,0,0,0,0,0,0,0,5,5
9680.0,0,0,0,0,0,0,0,0,1,1
9690.0,0,0,0,0,0,0,0,0,0,0
9700.0,0,0,0,0,0,0,0,0,1,1
9710.0,0,0,0,0,0,0,0,0,3,3
9720.0,0,0,0,0,0,0,0,0,5,5
9730.0,0,0,0,0,0,0,0,0,0,0
9740.0,0,0,0,0,0,0,0,0,1,1
9750.0,0,0,0,0,0,0,0,0,2,2
9760.0,0,0,0,0,0,0,0,0,2,2
9770.0,0,0,0,0,0,0,0,0,3,3
9780.0,0,0,0,0,0,0,0,0,1,1
9790.0,0,0,0,0,0,0,0,0,1,1
9800.0,0,0,0,0,0,0,0,0,6,6
9810.0,0,0,0,0,0,0,0,0,3,3
9820.0,0,0,0,0,0,0,0,0,4,4
9830.0,0,0,0,0,0,0,0,0,4,4
9840.0,0,0,0,0,0,0,0,0,2,2
9850.0,0,0,0,0,0,0,0,0,2,2
9860.0,0,0,0,0,0,0,0,0,0,0
9870.0,0,0,0,0,0,0,0,0,4,4
9880.0,0,0,0,0,0,0,0,0,8,8
9890.0,0,0,0,0,0,0,0,0,3,3
9900.0,0,0,0,0,0,0,0,0,1,1
9910.0,0,0,0,0,0,0,0,0,2,2
9920.0,0,0,0,0,0,0,0,0,3,3
9930.0,0,0,0,0,0,0,0,0,2,2
9940.0,0,0,0,0,0,0,0,0,2,2
9950.0,0,0,0,0,0,0,0,0,4,4
9960.0,0,0,0,0,0,0,0,0,4,4
9970.0,0,0,0,0,0,0,0,0,3,3
9980.0,0,0,0,0,0,0,0,0,4,4
9990.0,0,0,0,0,0,0,0,0,2,2
10000.0,0,0,0,0,0,0,0,0,3,3
