Time,MKAKLLVLLCAFTATDADTICIGYHANNSTDTVDTVLEKNVTVTHSVNLLEDSHNGKLCRLKGIAPLQLGNCSIAGWILGNPECESLFSKESWSYIAETPNSENGTCYPGYFADYEELREQLSSVSSFERFEIFPKESSWPNHTVTKGVTAACSHNGKSSFYRNLLWLTEKNGLYPNLSKSYVNNKEKEVLVLWGVHHPSNIGDQRAIYHTENAYVSVVSSHYSRRFTPEIAKRPKVRGQEGRINYYWTLLEPGDTIIFEANGNLIAPWYAFALSRGFGSGIITSNASMDECDAKCQTPQGAINSSLPFQNVHPVTIGECPKYVRSTKLRMVTGLRNIPSVQSRGLFGAIAGFIEGGWTGMIDGWYGYHHQNEQGSGYAADQKSTQNAINGITNKVNSVIEKMNTQFTAVGKEFNKLERRMENLNKKVDDGFLDIWTYNAELLVLLENERTLDFHDSNVKNLYEKVKSQLKNNAKEIGNGCFEFYHKCNNECMESVKNGTYDYPKYSEESKLNREKIDGVKLESMGVYQILAIYSTVASSLVLLVSLGAISFWMCSNGSLQCRICI,MKAKLLVLTCAFTSTRVDTIFIGYHANNSTDAVDTLLWVNVTVTHSVNSEEQWHWKQLCRLKGIPPLQLGNTSIWGWILCNPEAESLFSKESWSYIAETPNSENGTCYPGYFADYEILREQLSSVSYFERCEIFPKESSWPFHYVQWTVHHACSHNGKSSFYHNLLWLTEKNGLYPNSWKSYVNNIMKEVHVLWGVHWPSNIGDQRAIYHTENAYVYVVSSHYWRRFTPEIAKRPKVRGQRGRINYYWTLLEPGDTIIFEANGNLIAPPYAFALSQGPGSNQILSNASMDECTAKQQLPFGAQNSSLKFWNPPPVTIGECPCYVRSTKLRMHTGLRNIPGVQSRGLFMAIAGFGEGLWTGMIDVWWMYHHQNFQVSGYAADQKSTRNAINGITTDENSVIWRMNTQFTAVGKPFNKKERRSENLNKKVADGFLDIWTYNAHYLVLYENERTLDFHDSYIFNLYEKVKSQLKFAAKEIGNGCFERYHKCNNECMESVKNGTYDYPQYSEEEKLNRTKADGVKKESRCVYQILAIYSTVASSLVLLLSTGIIAFWMCSNGSVQCRICI,MKAKLLVLLCAFTATLAKTICQGYHANNVTDTVDTVLEKNVTVTHSVNLLEDSHNGKLCRLKGIAPLQLGNCSFAGWILGNPECESLFSKESWSYWAETPNSENGTCYPGYFADYEELREDLSSVSSAERMETQPKESSWPNHTVGKGVTAHCSHNGKSSFYRNLLWLTEYNGLYPHLSKSNVNNKEKEVLVLWGVHHPSNIGPQRYIYHTEFAYVSVVSSNYSRRFTPEIAKRPKVRGQEGRILYYWTLLKPGDTIIFEANGNLIAPWYAFALSRGFGSGIITSNASMDECDAKCQTPQGAINSSLPFQNVHPVTIGECPKYVRSTKLRMVTGLRNIPSIQSCGLFGAIAGFIEGFWTGMIDVWYGYHYQNEQGSGYAADQKSTQNAINGITPKANSVIEKMNKYNTAVGKEFNKLERRMENLNKKVDDVFLDIWTYNAELLVLLENERTLDFHISNVKNLYEKVKSQLKNNAKEIGNGCFEFYHKCNNECMESVKNGTYDYPKYSWESKLNREKIDAVKLESMGVYQILAIHSTVRSSLVLLVSLGAISFWMCSNRSLQCRICI,MKAKLLVLTCAFTSTRVDTIFIGYHANNKTDAVDTLLWVNVTVTHSVNSLEQWHWKQLCRLKGIPPLQLGNTFIWGWILCNPEAESLFSKESWSYIAETPNSENGTCYPGYFAMYEILREQLSSVSYQERCEIFPKESSWPNHYVQWTVHHACSHPGKSSFYHNLLWLTEKNGLYPNSRKSYVNNIMKEVSALWGVHWPSNIGDQRAIYHTENAYVYVVSSHESRRFTPEIAKRPKVRGQRGRINYYWTLLEPGDTIIFEANGNLYAPPYAFALSQGPGSNQILSNASMDECTAKQQLPFGAQNSSLKFWNPPPVTIGECPCYVRSTKLRMHTGLRNIPGVQSRGLFMAIAGFIEGLWTGMIDVWWMYHHQNFQWSGYAADQKSTRNAINGITNDENSVIWRMNTQFTAVGKPFNKKERRSENLNKKVADGFGDIWTYNAHYLVLYENERTLDFHDSYIFNLYEKVKSQLKFAAKEIDNGCFERYHKCNNECMEPVKNGTYDYPQYSEEEKLNRTKADGVKKESRCVYQILAILSTVASSLVLLLSTGIIAFWMCSNGSVQCRICI,MKAKLLVLLCAFTATDADTICIGYHANNSTDTVDTVLEKNVTVTHSVNLLEDSHNGKLCRLKGIAPLQLGNCSIAGWILGNPECESLFSKESWSYIAETPNSENGTCYPGYFADYEELREQLSSVSSFERFEIFPKESSWPNHTVTKGVTAACSHNGKSSFYRNLLWLTEKNGLYCNLSKSYVNNKEKEVLVLWGVHHPSNIGDQRRIDHTENAYVSVVSSHYCRRFTPEIAKRPKVRGQEGRINYYWTLLEPGDTIIFEANGNLIAPWYAFAASRGFGSGIITSNASMDECDAKCQTPQGAINSSLPFQNVHPVTIGECPKYVRSTKLRMVTGLRNIPSVQSLGLFGAIAGFIEGGWTVMIDVWYGYHHQNEQGSGYAADQKSTQNAINGITNKVNSVIEAMNTQFTAVGKEFNKLERRMENLNKKVDDGFLDIWTYNAELLVLLENERTLDFHDSNVKNLYEKVKSQLKGNAKEIGNGCFEFYHKCNNECMESVKNGTYDYPKYSEESKLNREKIDGVKLESMGVYQILAIYSTVASSLVLLVSLGAISFWMCSNGSLQCRICI,MKAKLLVLLCAFTATDADTIGIGYHANNSTDTVDTVLEKNVTVTHSVNLLEDSHNGKLCRLKGIAPLILGNCSIAGWILGNPECESLFSKESWSYIAETPNSENGTCYPGYFADYEELREQLSSVSSFERFEIFPKESSWPNHTVTKGVTAACSHNGKSEFYRNLLWLTEKNGLYPNLSKSYVNNKEKEVLVLWGVHHPSNIGHQRAIYHTENAYVSVVSSHYARRFTPEIAKRPKVRGQEGRINYYWTLLEPGDTIIFEANGNLIAPWYAFALSRGFGSGIPTSNASMDECDAKCQTPQGAITSSLPFQNVHPVTIGECPKYVRSTKLRMVTGLRNIPSVQSRGLFGAIAGFIEGGWTGMIDVWYGYHHYNEQGSGYAADQKSTMNAINGITNKVNSNIEKMNTQFTAVGKEFNKLERRMENLNKKVDDGFLDIWTYNAEILVLLENERTLDFHDSNVKNLYEKVKSQLKNNAKEIGNGCFEFYHKCNNECMESVKNGTYDYPKYSEESKLNREKIDGTKLESMMVYQILAIYSTVASSLVLLVSLGAISFWICSNGSLQCRTCI,MKAKLLVWLCFFTATDADTICIGYHANNSTDTNDTVLEVNVTVTHSVNLLEESHNGKLCRLHGIATEKLQECSINGWILGNPECISLFSMPWWSYIAETMNSDMGVCYPGYFADYEELREHLSSVSMFERFEIFMKYSSWPNHTVTKGVTAASSHNGKMSFYRNLLHLNLKNGLYINLSKSYVNNHECEVIVLGGVHWPSNIGLQRAIYHTENAYVYVVSSIYSRRFTPFIRKRCKSRGQVGRIYYYWTLLEPGLTIRFEACGILIAPWYAFALSRGFYPGICTSNASMLPCDAKCQTPAGAINSSLPFQNVHPVRIGEMPKYVRGTMLRMVTGLWNIPSVQPRGLFGAIAGFCEGGPTHMITVWYGYHHQNEQGSGYAAPCKSNQAAIEGQTWKVNSVIEKMNTQWTAVGAEFVKLEEVMENLNKKVDDVFLDYWHYNAELLVLLANETLPDFHRSGVSNLNEKVKIQLKNYAKEGGSGCFEFYFKYNNEAMSSRKNGTIDYPRYSEESKLNIEKIDGVLLGCMGVDQILAIYSHVASSLCPNVSSGAQCFGMCPNGPLFCRACN,MKAKLLVLLCFFTATDADTICIGYHANNSTDTNDTVLEVNVTVTHSVNLLEESHNGKLYRLHGIATEKLGNPSIAGWVLGNPECISLFSMPWWSYIAETMNSHMGVCYPGYFADYEELREHLCSVSMFERFEIFMKYSSWPNHTVTKGVTAASSHNGKMSFYRNLLHLNLKNGLYPNLSKSYVNNFECEVIVLGGVHWPSNIGWQRAIYHTENAYVYVVSSIYSRRFTPFIRKRPKSRGQVGRINYYWTLLEPGLTIRFEACGILIAPWYAFALSRGFYPGICTSNASMYPCDAKCQTPAGAINSSLPFQNRHPVRIGEIPKYVRSTMLRMVTGLWNIPSVQARGLFYAIAGFCEGKWTHMITVWYGYHHQNEQGSGYAALWKSLQAAIEGQTWKVNSVIPKMNTQWTAVGAEFNKLEERMENLNKKVDDVFLDYWMYNAELLVLDANETTPDFHDSNVSNLNEKVKIQLKNNALEGGSGCFEFYFKYNNEAMSSRKNGTIDYPRYSEESKLNIEKIDGVLLGCMGVDQILAIYSTVASSLCPNVSSGAQCFGMCPNGPLFCRACN,Other,Total
0.0,186,0,0,0,0,0,0,0,0,186
10.0,185,0,0,0,0,0,0,0,0,185
20.0,174,0,0,0,0,0,0,0,0,174
30.0,168,0,0,0,0,0,0,0,0,168
40.0,163,0,0,0,0,0,0,0,0,163
50.0,154,0,0,0,0,0,0,0,0,154
60.0,150,0,0,0,0,0,0,0,0,150
70.0,142,0,0,0,0,0,0,0,0,142
80.0,135,0,0,0,0,0,0,0,0,135
90.0,132,0,0,0,0,0,0,0,0,132
100.0,130,0,0,0,0,0,0,0,0,130
110.0,127,0,0,0,0,0,0,0,0,127
120.0,124,0,0,0,0,0,0,0,2,126
130.0,120,0,0,0,0,0,0,0,3,123
140.0,118,0,0,0,0,0,0,0,13,131
150.0,111,0,0,0,0,0,0,0,40,151
160.0,104,0,0,0,0,0,0,0,64,168
170.0,97,0,0,0,0,0,0,0,74,171
180.0,93,0,0,0,0,0,0,0,78,171
190.0,91,0,0,0,0,0,0,0,84,175
200.0,87,0,0,0,0,0,0,0,85,172
210.0,84,0,0,0,0,0,0,0,85,169
220.0,84,0,0,0,0,0,0,0,86,170
230.0,77,0,0,0,0,0,0,0,87,164
240.0,74,0,0,0,0,0,0,0,88,162
250.0,70,0,0,0,0,0,0,0,87,157
260.0,67,0,0,0,0,0,0,0,87,154
270.0,66,0,0,0,0,0,0,0,89,155
280.0,64,0,0,0,0,0,0,0,93,157
290.0,63,0,0,0,0,0,0,0,95,158
300.0,61,0,0,0,0,0,0,0,106,167
310.0,60,0,0,0,0,0,0,0,116,176
320.0,53,0,0,0,0,0,0,0,119,172
330.0,49,0,0,0,0,0,0,0,116,165
340.0,48,0,0,0,0,0,0,0,121,169
350.0,44,0,0,0,0,0,0,0,125,169
360.0,43,0,0,0,0,0,0,0,127,170
370.0,42,0,0,0,0,0,0,0,120,162
380.0,39,0,0,0,0,0,0,0,123,162
390.0,38,0,0,0,0,0,0,0,124,162
400.0,33,0,0,0,0,0,0,0,122,155
410.0,30,0,0,0,0,0,0,0,121,151
420.0,29,0,0,0,0,0,0,0,122,151
430.0,29,0,0,0,0,0,0,0,123,152
440.0,26,0,0,0,0,0,0,0,128,154
450.0,25,0,0,0,0,0,0,0,128,153
460.0,25,0,0,0,0,0,0,0,127,152
470.0,24,0,0,0,0,0,0,0,134,158
480.0,23,0,0,0,0,0,0,0,138,161
490.0,23,0,0,0,0,0,0,0,142,165
500.0,23,0,0,0,0,0,0,0,143,166
510.0,20,0,0,0,0,0,0,0,155,175
520.0,18,0,0,0,0,0,0,0,158,176
530.0,18,0,0,0,0,0,0,0,156,174
540.0,18,0,0,0,0,0,0,0,157,175
550.0,17,0,0,0,1,0,0,0,158,176
560.0,17,0,0,0,1,0,0,0,158,176
570.0,16,0,0,0,1,0,0,0,161,178
580.0,16,0,0,0,1,0,0,0,169,186
590.0,15,0,0,0,1,0,0,0,164,180
600.0,14,0,0,0,1,0,0,0,166,181
610.0,14,0,0,0,1,0,0,0,169,184
620.0,13,0,0,0,1,0,0,0,167,181
630.0,13,0,0,0,1,0,0,0,169,183
640.0,13,0,0,0,1,0,0,0,160,174
650.0,13,0,0,0,1,0,0,0,163,177
660.0,13,0,0,0,1,0,0,0,166,180
670.0,11,0,0,0,1,0,0,0,167,179
680.0,11,0,0,0,1,0,0,0,161,173
690.0,11,0,0,0,1,0,0,0,162,174
700.0,11,0,0,0,1,0,0,0,166,178
710.0,10,0,0,0,1,0,0,0,173,184
720.0,10,0,0,0,1,0,0,0,183,194
730.0,10,0,0,0,1,0,0,0,183,194
740.0,10,0,0,0,1,0,0,0,185,196
750.0,10,0,0,0,1,0,0,0,188,199
760.0,10,0,0,0,1,0,0,0,186,197
770.0,10,0,0,0,1,0,0,0,182,193
780.0,10,0,0,0,1,0,0,0,178,189
790.0,10,0,0,0,1,0,0,0,175,186
800.0,8,0,0,0,1,0,0,0,180,189
810.0,7,0,0,0,1,0,0,0,188,196
820.0,7,0,0,0,1,0,0,0,194,202
830.0,7,0,0,0,1,0,0,0,190,198
840.0,7,0,0,0,1,0,0,0,197,205
850.0,6,0,0,0,1,0,0,0,188,195
860.0,5,0,0,0,1,0,0,0,187,193
870.0,5,0,0,0,1,0,0,0,182,188
880.0,4,0,0,0,1,0,0,0,185,190
890.0,4,0,0,0,1,0,0,0,192,197
900.0,4,0,0,0,1,0,0,0,192,197
910.0,4,0,0,0,1,0,0,0,188,193
920.0,4,0,0,0,1,0,0,0,191,196
930.0,4,0,0,0,1,0,0,0,194,199
940.0,4,0,0,0,0,0,0,0,194,198
950.0,4,0,0,0,0,0,0,0,196,200
960.0,4,0,0,0,0,0,0,0,203,207
970.0,4,0,0,0,0,0,0,0,204,208
980.0,4,0,0,0,0,0,0,0,200,204
990.0,3,0,0,0,0,0,0,0,201,204
1000.0,2,0,0,0,0,0,0,0,206,208
1010.0,2,0,0,0,0,0,0,0,209,211
1020.0,1,0,0,0,0,0,0,0,215,216
1030.0,1,0,0,0,0,0,0,0,211,212
1040.0,1,0,0,0,0,0,0,0,210,211
1050.0,1,0,0,0,0,0,0,0,208,209
1060.0,1,0,0,0,0,0,0,0,208,209
1070.0,1,0,0,0,0,0,0,0,213,214
1080.0,1,0,0,0,0,0,0,0,215,216
1090.0,1,0,0,0,0,0,0,0,216,217
1100.0,1,0,0,0,0,0,0,0,216,217
1110.0,1,0,0,0,0,0,0,0,214,215
1120.0,1,0,0,0,0,0,0,0,214,215
1130.0,1,0,0,0,0,0,0,0,217,218
1140.0,1,0,0,0,0,0,0,0,219,220
1150.0,1,0,0,0,0,0,0,0,225,226
1160.0,1,0,0,0,0,0,0,0,222,223
1170.0,1,0,0,0,0,0,0,0,219,220
1180.0,1,0,0,0,0,0,0,0,216,217
1190.0,1,0,0,0,0,0,0,0,213,214
1200.0,1,0,0,0,0,0,0,0,214,215
1210.0,1,0,0,0,0,0,0,0,213,214
1220.0,1,0,0,0,0,0,0,0,219,220
1230.0,1,0,0,0,0,0,0,0,214,215
1240.0,1,0,0,0,0,0,0,0,210,211
1250.0,1,0,0,0,0,0,0,0,210,211
1260.0,1,0,0,0,0,0,0,0,206,207
1270.0,1,0,0,0,0,0,0,0,212,213
1280.0,1,0,0,0,0,0,0,0,211,212
1290.0,1,0,0,0,0,0,0,0,218,219
1300.0,1,0,0,0,0,0,0,0,212,213
1310.0,1,0,0,0,0,1,0,0,218,220
1320.0,1,0,0,0,0,1,0,0,220,222
1330.0,1,0,0,0,0,1,0,0,221,223
1340.0,1,0,0,0,0,1,0,0,223,225
1350.0,1,0,0,0,0,1,0,0,225,227
1360.0,1,0,0,0,0,1,0,0,213,215
1370.0,1,0,0,0,0,1,0,0,211,213
1380.0,1,0,0,0,0,1,0,0,213,215
1390.0,1,0,0,0,0,1,0,0,216,218
1400.0,1,0,0,0,0,1,0,0,213,215
1410.0,1,0,0,0,0,1,0,0,214,216
1420.0,1,0,0,0,0,1,0,0,223,225
1430.0,1,0,0,0,0,1,0,0,218,220
1440.0,1,0,0,0,0,1,0,0,220,222
1450.0,1,0,0,0,0,1,0,0,215,217
1460.0,1,0,0,0,0,1,0,0,211,213
1470.0,1,0,0,0,0,1,0,0,210,212
1480.0,1,0,0,0,0,1,0,0,207,209
1490.0,1,0,0,0,0,1,0,0,211,213
1500.0,1,0,0,0,0,1,0,0,209,211
1510.0,1,0,0,0,0,1,0,0,207,209
1520.0,1,0,0,0,0,1,0,0,211,213
1530.0,1,0,0,0,0,1,0,0,210,212
1540.0,1,0,0,0,0,1,0,0,207,209
1550.0,1,0,0,0,0,1,0,0,205,207
1560.0,0,0,0,0,0,1,0,0,205,206
1570.0,0,0,0,0,0,1,0,0,203,204
1580.0,0,0,0,0,0,1,0,0,195,196
1590.0,0,0,0,0,0,1,0,0,199,200
1600.0,0,0,0,0,0,1,0,0,202,203
1610.0,0,0,0,0,0,1,0,0,206,207
1620.0,0,0,0,0,0,1,0,0,207,208
1630.0,0,0,0,0,0,1,0,0,201,202
1640.0,0,0,0,0,0,1,0,0,200,201
1650.0,0,0,0,0,0,1,0,0,200,201
1660.0,0,0,0,0,0,1,0,0,198,199
1670.0,0,0,0,0,0,1,0,0,204,205
1680.0,0,0,0,0,0,1,0,0,209,210
1690.0,0,0,0,0,0,1,0,0,213,214
1700.0,0,0,0,0,0,1,0,0,218,219
1710.0,0,0,0,0,0,1,0,0,221,222
1720.0,0,0,0,0,0,1,0,0,223,224
1730.0,0,0,0,0,0,1,0,0,228,229
1740.0,0,0,0,0,0,0,0,0,234,234
1750.0,0,0,0,0,0,0,0,0,227,227
1760.0,0,0,0,0,0,0,0,0,219,219
1770.0,0,0,0,0,0,0,0,0,223,223
1780.0,0,0,0,0,0,0,0,0,224,224
1790.0,0,0,0,0,0,0,0,0,227,227
1800.0,0,0,0,0,0,0,0,0,226,226
1810.0,0,0,0,0,0,0,0,0,229,229
1820.0,0,0,0,0,0,0,0,0,223,223
1830.0,0,0,0,0,0,0,0,0,222,222
1840.0,0,0,0,0,0,0,0,0,220,220
1850.0,0,0,0,0,0,0,0,0,220,220
1860.0,0,0,0,0,0,0,0,0,219,219
1870.0,0,0,0,0,0,0,0,0,219,219
1880.0,0,0,0,0,0,0,0,0,217,217
1890.0,0,0,0,0,0,0,0,0,221,221
1900.0,0,0,0,0,0,0,0,0,230,230
1910.0,0,0,0,0,0,0,0,0,224,224
1920.0,0,0,0,0,0,0,0,0,234,234
1930.0,0,0,0,0,0,0,0,0,229,229
1940.0,0,0,0,0,0,0,0,0,228,228
1950.0,0,0,0,0,0,0,0,0,233,233
1960.0,0,0,0,0,0,0,0,0,231,231
1970.0,0,0,0,0,0,0,0,0,228,228
1980.0,0,0,0,0,0,0,0,0,223,223
1990.0,0,0,0,0,0,0,0,0,222,222
2000.0,0,0,0,0,0,0,0,0,224,224
2010.0,0,0,0,0,0,0,0,0,225,225
2020.0,0,0,0,0,0,0,0,0,222,222
2030.0,0,0,0,0,0,0,0,0,219,219
2040.0,0,0,0,0,0,0,0,0,225,225
2050.0,0,0,0,0,0,0,0,0,231,231
2060.0,0,0,0,0,0,0,0,0,239,239
2070.0,0,0,0,0,0,0,0,0,237,237
2080.0,0,0,0,0,0,0,0,0,238,238
2090.0,0,0,0,0,0,0,0,0,245,245
2100.0,0,0,0,0,0,0,0,0,248,248
2110.0,0,0,0,0,0,0,0,0,241,241
2120.0,0,0,0,0,0,0,0,0,239,239
2130.0,0,0,0,0,0,0,0,0,234,234
2140.0,0,0,0,0,0,0,0,0,235,235
2150.0,0,0,0,0,0,0,0,0,234,234
2160.0,0,0,0,0,0,0,0,0,233,233
2170.0,0,0,0,0,0,0,0,0,237,237
2180.0,0,0,0,0,0,0,0,0,231,231
2190.0,0,0,0,0,0,0,0,0,229,229
2200.0,0,0,0,0,0,0,0,0,227,227
2210.0,0,0,0,0,0,0,0,0,228,228
2220.0,0,0,0,0,0,0,0,0,227,227
2230.0,0,0,0,0,0,0,0,0,229,229
2240.0,0,0,0,0,0,0,0,0,234,234
2250.0,0,0,0,0,0,0,0,0,234,234
2260.0,0,0,0,0,0,0,0,0,235,235
2270.0,0,0,0,0,0,0,0,0,241,241
2280.0,0,0,0,0,0,0,0,0,241,241
2290.0,0,0,0,0,0,0,0,0,244,244
2300.0,0,0,0,0,0,0,0,0,243,243
2310.0,0,0,0,0,0,0,0,0,250,250
2320.0,0,0,0,0,0,0,0,0,253,253
2330.0,0,0,0,0,0,0,0,0,255,255
2340.0,0,0,0,0,0,0,0,0,254,254
2350.0,0,0,0,0,0,0,0,0,261,261
2360.0,0,0,0,0,0,0,0,0,265,265
2370.0,0,0,0,0,0,0,0,0,260,260
2380.0,0,0,0,0,0,0,0,0,257,257
2390.0,0,0,0,0,0,0,0,0,265,265
2400.0,0,0,0,0,0,0,0,0,261,261
2410.0,0,0,0,0,0,0,0,0,263,263
2420.0,0,0,0,0,0,0,0,0,254,254
2430.0,0,0,0,0,0,0,0,0,251,251
2440.0,0,0,0,0,0,0,0,0,249,249
2450.0,0,0,0,0,0,0,0,0,246,246
2460.0,0,0,0,0,0,0,0,0,255,255
2470.0,0,0,0,0,0,0,0,0,254,254
2480.0,0,0,0,0,0,0,0,0,253,253
2490.0,0,0,0,0,0,0,0,0,254,254
2500.0,0,0,0,0,0,0,0,0,248,248
2510.0,0,0,0,0,0,0,0,0,254,254
2520.0,0,0,0,0,0,0,0,0,256,256
2530.0,0,0,0,0,0,0,0,0,254,254
2540.0,0,0,0,0,0,0,0,0,250,250
2550.0,0,0,0,0,0,0,0,0,246,246
2560.0,0,0,0,0,0,0,0,0,247,247
2570.0,0,0,0,0,0,0,0,0,242,242
2580.0,0,0,0,0,0,0,0,0,234,234
2590.0,0,0,0,0,0,0,0,0,232,232
2600.0,0,0,0,0,0,0,0,0,231,231
2610.0,0,0,0,0,0,0,0,0,234,234
2620.0,0,0,0,0,0,0,0,0,232,232
2630.0,0,0,0,0,0,0,0,0,236,236
2640.0,0,0,0,0,0,0,0,0,234,234
2650.0,0,0,0,0,0,0,0,0,235,235
2660.0,0,0,0,0,0,0,0,0,230,230
2670.0,0,0,0,0,0,0,0,0,229,229
2680.0,0,0,0,0,0,0,0,0,227,227
2690.0,0,0,0,0,0,0,0,0,225,225
2700.0,0,0,0,0,0,0,0,0,222,222
2710.0,0,0,0,0,0,0,0,0,227,227
2720.0,0,0,0,0,0,0,0,0,235,235
2730.0,0,0,0,0,0,0,0,0,239,239
2740.0,0,0,0,0,0,0,0,0,235,235
2750.0,0,0,0,0,0,0,0,0,236,236
2760.0,0,0,0,0,0,0,0,0,239,239
2770.0,0,0,0,0,0,0,0,0,242,242
2780.0,0,0,0,0,0,0,0,0,246,246
2790.0,0,0,0,0,0,0,0,0,241,241
2800.0,0,0,0,0,0,0,0,0,237,237
2810.0,0,0,0,0,0,0,0,0,238,238
2820.0,0,0,0,0,0,0,0,0,234,234
2830.0,0,0,0,0,0,0,0,0,237,237
2840.0,0,0,0,0,0,0,0,0,237,237
2850.0,0,0,0,0,0,0,0,0,240,240
2860.0,0,0,0,0,0,0,0,0,241,241
2870.0,0,0,0,0,0,0,0,0,242,242
2880.0,0,0,0,0,0,0,0,0,254,254
2890.0,0,0,0,0,0,0,0,0,259,259
2900.0,0,0,0,0,0,0,0,0,256,256
2910.0,0,0,0,0,0,0,0,0,259,259
2920.0,0,0,0,0,0,0,0,0,263,263
2930.0,0,0,0,0,0,0,0,0,261,261
2940.0,0,0,1,0,0,0,0,0,260,261
2950.0,0,0,1,0,0,0,0,0,264,265
2960.0,0,0,1,0,0,0,0,0,256,257
2970.0,0,0,1,0,0,0,0,0,250,251
2980.0,0,0,1,0,0,0,0,0,241,242
2990.0,0,0,1,0,0,0,0,0,236,237
3000.0,0,0,1,0,0,0,0,0,235,236
3010.0,0,0,1,0,0,0,0,0,237,238
3020.0,0,0,1,0,0,0,0,0,232,233
3030.0,0,0,1,0,0,0,0,0,238,239
3040.0,0,0,1,0,0,0,0,0,237,238
3050.0,0,0,1,0,0,0,0,0,239,240
3060.0,0,0,1,0,0,0,0,0,245,246
3070.0,0,0,1,0,0,0,0,0,250,251
3080.0,0,0,1,0,0,0,0,0,253,254
3090.0,0,0,1,0,0,0,0,0,257,258
3100.0,0,0,0,0,0,0,0,0,261,261
3110.0,0,0,0,0,0,0,0,0,263,263
3120.0,0,0,0,0,0,0,0,0,263,263
3130.0,0,0,0,0,0,0,0,0,263,263
3140.0,0,0,0,0,0,0,0,0,265,265
3150.0,0,0,0,0,0,0,0,0,269,269
3160.0,0,0,0,0,0,0,0,0,269,269
3170.0,0,0,0,0,0,0,0,0,262,262
3180.0,0,0,0,0,0,0,0,0,252,252
3190.0,0,0,0,0,0,0,0,0,249,249
3200.0,0,0,0,0,0,0,0,0,245,245
3210.0,0,0,0,0,0,0,0,0,252,252
3220.0,0,0,0,0,0,0,0,0,258,258
3230.0,0,0,0,0,0,0,0,0,253,253
3240.0,0,0,0,0,0,0,0,0,252,252
3250.0,0,0,0,0,0,0,0,0,247,247
3260.0,0,0,0,0,0,0,0,0,243,243
3270.0,0,0,0,0,0,0,0,0,240,240
3280.0,0,0,0,0,0,0,0,0,235,235
3290.0,0,0,0,0,0,0,0,0,242,242
3300.0,0,0,0,0,0,0,0,0,244,244
3310.0,0,0,0,0,0,0,0,0,240,240
3320.0,0,0,0,0,0,0,0,0,239,239
3330.0,0,0,0,0,0,0,0,0,245,245
3340.0,0,0,0,0,0,0,0,0,247,247
3350.0,0,0,0,0,0,0,0,0,250,250
3360.0,0,0,0,0,0,0,0,0,246,246
3370.0,0,0,0,0,0,0,0,0,249,249
3380.0,0,0,0,0,0,0,0,0,247,247
3390.0,0,0,0,0,0,0,0,0,239,239
3400.0,0,0,0,0,0,0,0,0,237,237
3410.0,0,0,0,0,0,0,0,0,234,234
3420.0,0,0,0,0,0,0,0,0,235,235
3430.0,0,0,0,0,0,0,0,0,237,237
3440.0,0,0,0,0,0,0,0,0,234,234
3450.0,0,0,0,0,0,0,0,0,233,233
3460.0,0,0,0,0,0,0,0,0,235,235
3470.0,0,0,0,0,0,0,0,0,230,230
3480.0,0,0,0,0,0,0,0,0,226,226
3490.0,0,0,0,0,0,0,0,0,225,225
3500.0,0,0,0,0,0,0,0,0,229,229
3510.0,0,0,0,0,0,0,0,0,232,232
3520.0,0,0,0,0,0,0,0,0,235,235
3530.0,0,0,0,0,0,0,0,0,237,237
3540.0,0,0,0,0,0,0,0,0,244,244
3550.0,0,0,0,0,0,0,0,0,243,243
3560.0,0,0,0,0,0,0,0,0,237,237
3570.0,0,0,0,0,0,0,0,0,240,240
3580.0,0,0,0,0,0,0,0,0,244,244
3590.0,0,0,0,0,0,0,0,0,242,242
3600.0,0,0,0,0,0,0,0,0,237,237
3610.0,0,0,0,0,0,0,0,0,236,236
3620.0,0,0,0,0,0,0,0,0,234,234
3630.0,0,0,0,0,0,0,0,0,226,226
3640.0,0,0,0,0,0,0,0,0,218,218
3650.0,0,0,0,0,0,0,0,0,221,221
3660.0,0,0,0,0,0,0,0,0,221,221
3670.0,0,0,0,0,0,0,0,0,226,226
3680.0,0,0,0,0,0,0,0,0,237,237
3690.0,0,0,0,0,0,0,0,0,241,241
3700.0,0,0,0,0,0,0,0,0,237,237
3710.0,0,0,0,0,0,0,0,0,235,235
3720.0,0,0,0,0,0,0,0,0,241,241
3730.0,0,0,0,0,0,0,0,0,242,242
3740.0,0,0,0,0,0,0,0,0,240,240
3750.0,0,0,0,0,0,0,0,0,240,240
3760.0,0,0,0,0,0,0,0,0,239,239
3770.0,0,0,0,0,0,0,0,0,239,239
3780.0,0,0,0,0,0,0,0,0,244,244
3790.0,0,0,0,0,0,0,0,0,242,242
3800.0,0,0,0,0,0,0,0,0,240,240
3810.0,0,0,0,0,0,0,0,0,252,252
3820.0,0,0,0,0,0,0,0,0,250,250
3830.0,0,0,0,0,0,0,0,0,243,243
3840.0,0,0,0,0,0,0,0,0,248,248
3850.0,0,0,0,0,0,0,0,0,240,240
3860.0,0,0,0,0,0,0,0,0,244,244
3870.0,0,0,0,0,0,0,0,0,252,252
3880.0,0,0,0,0,0,0,0,0,252,252
3890.0,0,0,0,0,0,0,0,0,246,246
3900.0,0,0,0,0,0,0,0,0,247,247
3910.0,0,0,0,0,0,0,0,0,248,248
3920.0,0,0,0,0,0,0,0,0,248,248
3930.0,0,0,0,0,0,0,0,0,241,241
3940.0,0,0,0,0,0,0,0,0,239,239
3950.0,0,0,0,0,0,0,0,0,245,245
3960.0,0,0,0,0,0,0,0,0,245,245
3970.0,0,0,0,0,0,0,0,0,242,242
3980.0,0,0,0,0,0,0,0,0,245,245
3990.0,0,0,0,0,0,0,0,0,246,246
4000.0,0,0,0,0,0,0,0,0,244,244
4010.0,0,0,0,0,0,0,0,0,244,244
4020.0,0,0,0,0,0,0,0,0,240,240
4030.0,0,0,0,0,0,0,0,0,238,238
4040.0,0,0,0,0,0,0,0,0,229,229
4050.0,0,0,0,0,0,0,0,0,230,230
4060.0,0,0,0,0,0,0,0,0,231,231
4070.0,0,0,0,0,0,0,0,0,231,231
4080.0,0,0,0,0,0,0,0,0,232,232
4090.0,0,0,0,0,0,0,0,0,242,242
4100.0,0,0,0,0,0,0,0,0,244,244
4110.0,0,0,0,0,0,0,0,0,249,249
4120.0,0,0,0,0,0,0,0,0,259,259
4130.0,0,0,0,0,0,0,0,0,255,255
4140.0,0,0,0,0,0,0,0,0,255,255
4150.0,0,0,0,0,0,0,0,0,256,256
4160.0,0,0,0,0,0,0,0,0,262,262
4170.0,0,0,0,0,0,0,0,0,269,269
4180.0,0,0,0,0,0,0,0,0,273,273
4190.0,0,0,0,0,0,0,0,0,279,279
4200.0,0,0,0,0,0,0,0,0,278,278
4210.0,0,0,0,0,0,0,0,0,273,273
4220.0,0,0,0,0,0,0,0,0,262,262
4230.0,0,0,0,0,0,0,0,0,262,262
4240.0,0,0,0,0,0,0,0,0,263,263
4250.0,0,0,0,0,0,0,0,0,261,261
4260.0,0,0,0,0,0,0,0,0,262,262
4270.0,0,0,0,0,0,0,0,0,266,266
4280.0,0,0,0,0,0,0,0,0,261,261
4290.0,0,0,0,0,0,0,0,0,259,259
4300.0,0,0,0,0,0,0,0,0,258,258
4310.0,0,0,0,0,0,0,0,0,254,254
4320.0,0,0,0,0,0,0,0,0,262,262
4330.0,0,0,0,0,0,0,0,0,263,263
4340.0,0,0,0,0,0,0,0,0,268,268
4350.0,0,0,0,0,0,0,0,0,268,268
4360.0,0,0,0,0,0,0,0,0,269,269
4370.0,0,0,0,0,0,0,0,0,267,267
4380.0,0,0,0,0,0,0,0,0,271,271
4390.0,0,0,0,0,0,0,0,0,267,267
4400.0,0,0,0,0,0,0,0,0,272,272
4410.0,0,0,0,0,0,0,0,0,273,273
4420.0,0,0,0,0,0,0,0,0,270,270
4430.0,0,0,0,0,0,0,0,0,270,270
4440.0,0,0,0,0,0,0,0,0,275,275
4450.0,0,0,0,0,0,0,0,0,277,277
4460.0,0,0,0,0,0,0,0,0,272,272
4470.0,0,0,0,0,0,0,0,0,266,266
4480.0,0,0,0,0,0,0,0,0,271,271
4490.0,0,0,0,0,0,0,0,0,271,271
4500.0,0,0,0,0,0,0,0,0,268,268
4510.0,0,0,0,0,0,0,0,0,260,260
4520.0,0,0,0,0,0,0,0,0,255,255
4530.0,0,0,0,0,0,0,0,0,259,259
4540.0,0,0,0,0,0,0,0,0,253,253
4550.0,0,0,0,0,0,0,0,0,257,257
4560.0,0,0,0,0,0,0,0,0,258,258
4570.0,0,0,0,0,0,0,0,0,256,256
4580.0,0,0,0,0,0,0,0,0,262,262
4590.0,0,0,0,0,0,0,0,0,269,269
4600.0,0,0,0,0,0,0,0,0,272,272
4610.0,0,0,0,0,0,0,0,0,277,277
4620.0,0,0,0,0,0,0,0,0,281,281
4630.0,0,0,0,0,0,0,0,0,285,285
4640.0,0,0,0,0,0,0,0,0,282,282
4650.0,0,0,0,0,0,0,0,0,279,279
4660.0,0,0,0,0,0,0,0,0,275,275
4670.0,0,0,0,0,0,0,0,0,268,268
4680.0,0,0,0,0,0,0,0,0,264,264
4690.0,0,0,0,0,0,0,0,0,273,273
4700.0,0,0,0,0,0,0,0,0,271,271
4710.0,0,0,0,0,0,0,0,0,268,268
4720.0,0,0,0,0,0,0,0,0,266,266
4730.0,0,0,0,0,0,0,0,0,259,259
4740.0,0,0,0,0,0,0,0,0,261,261
4750.0,0,0,0,0,0,0,0,0,268,268
4760.0,0,0,0,0,0,0,0,0,276,276
4770.0,0,0,0,0,0,0,0,0,269,269
4780.0,0,0,0,0,0,0,0,0,269,269
4790.0,0,0,0,0,0,0,0,0,266,266
4800.0,0,0,0,0,0,0,0,0,264,264
4810.0,0,0,0,0,0,0,0,0,264,264
4820.0,0,0,0,0,0,0,0,0,260,260
4830.0,0,0,0,0,0,0,0,0,252,252
4840.0,0,0,0,0,0,0,0,0,247,247
4850.0,0,0,0,0,0,0,0,0,247,247
4860.0,0,0,0,0,0,0,0,0,250,250
4870.0,0,0,0,0,0,0,0,0,248,248
4880.0,0,0,0,0,0,0,0,0,245,245
4890.0,0,0,0,0,0,0,0,0,259,259
4900.0,0,0,0,0,0,0,0,0,253,253
4910.0,0,0,0,0,0,0,0,0,250,250
4920.0,0,0,0,0,0,0,0,0,253,253
4930.0,0,0,0,0,0,0,0,0,253,253
4940.0,0,0,0,0,0,0,0,0,254,254
4950.0,0,0,0,0,0,0,0,0,254,254
4960.0,0,0,0,0,0,0,0,0,254,254
4970.0,0,0,0,0,0,0,0,0,249,249
4980.0,0,0,0,0,0,0,0,0,263,263
4990.0,0,0,0,0,0,0,0,0,263,263
5000.0,0,0,0,0,0,0,0,0,254,254
5010.0,0,0,0,0,0,0,0,0,250,250
5020.0,0,0,0,0,0,0,0,0,257,257
5030.0,0,0,0,0,0,0,0,0,256,256
5040.0,0,0,0,0,0,0,0,0,259,259
5050.0,0,0,0,0,0,0,0,0,262,262
5060.0,0,0,0,0,0,0,0,0,256,256
5070.0,0,0,0,0,0,0,0,0,259,259
5080.0,0,0,0,0,0,0,0,0,259,259
5090.0,0,0,0,0,0,0,0,0,257,257
5100.0,0,0,0,0,0,0,0,0,254,254
5110.0,0,0,0,0,0,0,0,0,257,257
5120.0,0,0,0,0,0,0,0,0,256,256
5130.0,0,0,0,0,0,0,0,0,250,250
5140.0,0,0,0,0,0,0,0,0,247,247
5150.0,0,0,0,0,0,0,0,0,250,250
5160.0,0,0,0,0,0,0,0,0,249,249
5170.0,0,0,0,0,0,0,0,0,247,247
5180.0,0,0,0,0,0,0,0,0,248,248
5190.0,0,0,0,0,0,0,0,0,246,246
5200.0,0,0,0,0,0,0,0,0,242,242
5210.0,0,0,0,0,0,0,0,0,243,243
5220.0,0,0,0,0,0,0,0,0,246,246
5230.0,0,0,0,0,0,0,0,0,246,246
5240.0,0,0,0,0,0,0,0,0,239,239
5250.0,0,0,0,0,0,0,0,0,238,238
5260.0,0,0,0,0,0,0,0,0,228,228
5270.0,0,0,0,0,0,0,0,0,227,227
5280.0,0,0,0,0,0,0,0,0,230,230
5290.0,0,0,0,0,0,0,0,0,240,240
5300.0,0,0,0,0,0,0,0,0,246,246
5310.0,0,0,0,0,0,0,0,0,249,249
5320.0,0,0,0,0,0,0,0,0,243,243
5330.0,0,0,0,0,0,0,0,0,249,249
5340.0,0,0,0,0,0,0,0,0,263,263
5350.0,0,0,0,0,0,0,0,0,261,261
5360.0,0,0,0,0,0,0,0,0,258,258
5370.0,0,0,0,0,0,0,0,0,261,261
5380.0,0,0,0,0,0,0,0,0,264,264
5390.0,0,0,0,0,0,0,0,0,265,265
5400.0,0,0,0,0,0,0,0,0,255,255
5410.0,0,0,0,0,0,0,0,0,255,255
5420.0,0,0,0,0,0,0,0,0,258,258
5430.0,0,0,0,0,0,0,0,0,262,262
5440.0,0,0,0,0,0,0,0,0,257,257
5450.0,0,0,0,0,0,0,0,0,262,262
5460.0,0,0,0,0,0,0,0,0,266,266
5470.0,0,0,0,0,0,0,0,0,269,269
5480.0,0,0,0,0,0,0,0,0,275,275
5490.0,0,0,0,0,0,0,0,0,281,281
5500.0,0,0,0,0,0,0,0,0,276,276
5510.0,0,0,0,0,0,0,0,0,271,271
5520.0,0,0,0,0,0,0,0,0,272,272
5530.0,0,0,0,0,0,0,0,0,268,268
5540.0,0,0,0,0,0,0,0,0,268,268
5550.0,0,0,0,0,0,0,0,0,270,270
5560.0,0,0,0,0,0,0,0,0,263,263
5570.0,0,0,0,0,0,0,0,0,260,260
5580.0,0,0,0,0,0,0,0,0,257,257
5590.0,0,0,0,0,0,0,0,0,251,251
5600.0,0,0,0,0,0,0,0,0,245,245
5610.0,0,0,0,0,0,0,0,0,238,238
5620.0,0,0,0,0,0,0,0,0,241,241
5630.0,0,0,0,0,0,0,0,0,241,241
5640.0,0,0,0,0,0,0,0,0,244,244
5650.0,0,0,0,0,0,0,0,0,251,251
5660.0,0,1,0,0,0,0,0,0,248,249
5670.0,0,1,0,0,0,0,0,0,243,244
5680.0,0,1,0,0,0,0,0,0,246,247
5690.0,0,1,0,0,0,0,0,0,241,242
5700.0,0,1,0,0,0,0,0,0,240,241
5710.0,0,1,0,0,0,0,0,0,234,235
5720.0,0,1,0,0,0,0,0,0,231,232
5730.0,0,1,0,0,0,0,0,0,226,227
5740.0,0,1,0,0,0,0,0,0,221,222
5750.0,0,1,0,0,0,0,0,0,232,233
5760.0,0,1,0,0,0,0,0,0,229,230
5770.0,0,1,0,0,0,0,0,0,230,231
5780.0,0,1,0,0,0,0,0,0,239,240
5790.0,0,1,0,0,0,0,0,0,241,242
5800.0,0,1,0,0,0,0,0,0,255,256
5810.0,0,1,0,0,0,0,0,0,256,257
5820.0,0,1,0,0,0,0,0,0,253,254
5830.0,0,1,0,0,0,0,0,0,251,252
5840.0,0,1,0,0,0,0,0,0,255,256
5850.0,0,1,0,0,0,0,0,0,253,254
5860.0,0,1,0,0,0,0,0,0,253,254
5870.0,0,1,0,0,0,0,0,0,250,251
5880.0,0,1,0,0,0,0,0,0,252,253
5890.0,0,1,0,0,0,0,0,0,256,257
5900.0,0,1,0,0,0,0,0,0,259,260
5910.0,0,1,0,0,0,0,0,0,255,256
5920.0,0,1,0,0,0,0,0,0,257,258
5930.0,0,1,0,0,0,0,0,0,252,253
5940.0,0,1,0,0,0,0,0,0,253,254
5950.0,0,1,0,0,0,0,0,0,250,251
5960.0,0,1,0,0,0,0,0,0,245,246
5970.0,0,1,0,0,0,0,0,0,240,241
5980.0,0,1,0,0,0,0,0,0,239,240
5990.0,0,1,0,0,0,0,0,0,232,233
6000.0,0,1,0,0,0,0,0,0,229,230
6010.0,0,1,0,0,0,0,0,0,228,229
6020.0,0,1,0,0,0,0,0,0,233,234
6030.0,0,1,0,0,0,0,0,0,238,239
6040.0,0,1,0,0,0,0,0,0,241,242
6050.0,0,1,0,0,0,0,0,0,234,235
6060.0,0,1,0,0,0,0,0,0,237,238
6070.0,0,1,0,0,0,0,0,0,238,239
6080.0,0,1,0,0,0,0,0,0,236,237
6090.0,0,1,0,0,0,0,0,0,241,242
6100.0,0,1,0,0,0,0,0,0,246,247
6110.0,0,1,0,0,0,0,0,0,243,244
6120.0,0,1,0,0,0,0,0,0,250,251
6130.0,0,1,0,0,0,0,0,0,245,246
6140.0,0,1,0,0,0,0,0,0,247,248
6150.0,0,1,0,1,0,0,0,0,249,251
6160.0,0,1,0,1,0,0,0,0,241,243
6170.0,0,1,0,1,0,0,0,0,243,245
6180.0,0,1,0,1,0,0,0,0,245,247
6190.0,0,1,0,1,0,0,0,0,264,266
6200.0,0,1,0,0,0,0,0,0,266,267
6210.0,0,1,0,0,0,0,0,0,268,269
6220.0,0,1,0,0,0,0,0,0,270,271
6230.0,0,1,0,0,0,0,0,0,269,270
6240.0,0,1,0,0,0,0,0,0,261,262
6250.0,0,1,0,0,0,0,0,0,257,258
6260.0,0,1,0,0,0,0,0,0,260,261
6270.0,0,1,0,0,0,0,0,0,257,258
6280.0,0,1,0,0,0,0,0,0,253,254
6290.0,0,1,0,0,0,0,0,0,245,246
6300.0,0,1,0,0,0,0,0,0,238,239
6310.0,0,1,0,0,0,0,0,0,243,244
6320.0,0,1,0,0,0,0,0,0,249,250
6330.0,0,1,0,0,0,0,0,0,255,256
6340.0,0,1,0,0,0,0,0,0,262,263
6350.0,0,1,0,0,0,0,0,0,268,269
6360.0,0,1,0,0,0,0,0,0,267,268
6370.0,0,1,0,0,0,0,0,0,266,267
6380.0,0,1,0,0,0,0,0,0,272,273
6390.0,0,1,0,0,0,0,0,0,278,279
6400.0,0,1,0,0,0,0,0,0,277,278
6410.0,0,1,0,0,0,0,0,0,280,281
6420.0,0,1,0,0,0,0,0,0,278,279
6430.0,0,1,0,0,0,0,0,0,274,275
6440.0,0,1,0,0,0,0,0,0,267,268
6450.0,0,1,0,0,0,0,0,0,261,262
6460.0,0,1,0,0,0,0,0,0,261,262
6470.0,0,1,0,0,0,0,0,0,256,257
6480.0,0,1,0,0,0,0,0,0,249,250
6490.0,0,1,0,0,0,0,0,0,244,245
6500.0,0,1,0,0,0,0,0,0,237,238
6510.0,0,0,0,0,0,0,0,0,237,237
6520.0,0,0,0,0,0,0,0,0,241,241
6530.0,0,0,0,0,0,0,0,0,236,236
6540.0,0,0,0,0,0,0,0,0,236,236
6550.0,0,0,0,0,0,0,0,0,232,232
6560.0,0,0,0,0,0,0,0,0,239,239
6570.0,0,0,0,0,0,0,0,0,242,242
6580.0,0,0,0,0,0,0,0,0,238,238
6590.0,0,0,0,0,0,0,0,0,236,236
6600.0,0,0,0,0,0,0,0,0,244,244
6610.0,0,0,0,0,0,0,0,0,236,236
6620.0,0,0,0,0,0,0,0,0,245,245
6630.0,0,0,0,0,0,0,0,0,236,236
6640.0,0,0,0,0,0,0,0,0,248,248
6650.0,0,0,0,0,0,0,0,0,245,245
6660.0,0,0,0,0,0,0,0,0,245,245
6670.0,0,0,0,0,0,0,0,0,252,252
6680.0,0,0,0,0,0,0,0,0,255,255
6690.0,0,0,0,0,0,0,0,0,245,245
6700.0,0,0,0,0,0,0,0,0,243,243
6710.0,0,0,0,0,0,0,0,0,243,243
6720.0,0,0,0,0,0,0,0,0,235,235
6730.0,0,0,0,0,0,0,0,0,233,233
6740.0,0,0,0,0,0,0,0,0,235,235
6750.0,0,0,0,0,0,0,0,0,235,235
6760.0,0,0,0,0,0,0,0,0,226,226
6770.0,0,0,0,0,0,0,0,0,229,229
6780.0,0,0,0,0,0,0,0,0,235,235
6790.0,0,0,0,0,0,0,0,0,240,240
6800.0,0,0,0,0,0,0,0,0,249,249
6810.0,0,0,0,0,0,0,0,0,246,246
6820.0,0,0,0,0,0,0,0,0,248,248
6830.0,0,0,0,0,0,0,0,0,246,246
6840.0,0,0,0,0,0,0,0,0,242,242
6850.0,0,0,0,0,0,0,0,0,244,244
6860.0,0,0,0,0,0,0,0,0,246,246
6870.0,0,0,0,0,0,0,0,0,244,244
6880.0,0,0,0,0,0,0,0,0,242,242
6890.0,0,0,0,0,0,0,0,0,249,249
6900.0,0,0,0,0,0,0,0,0,251,251
6910.0,0,0,0,0,0,0,0,0,252,252
6920.0,0,0,0,0,0,0,0,0,247,247
6930.0,0,0,0,0,0,0,0,0,249,249
6940.0,0,0,0,0,0,0,0,0,248,248
6950.0,0,0,0,0,0,0,0,0,245,245
6960.0,0,0,0,0,0,0,0,0,248,248
6970.0,0,0,0,0,0,0,0,0,257,257
6980.0,0,0,0,0,0,0,0,0,254,254
6990.0,0,0,0,0,0,0,0,0,254,254
7000.0,0,0,0,0,0,0,0,0,258,258
7010.0,0,0,0,0,0,0,0,0,257,257
7020.0,0,0,0,0,0,0,0,0,257,257
7030.0,0,0,0,0,0,0,0,0,258,258
7040.0,0,0,0,0,0,0,0,0,261,261
7050.0,0,0,0,0,0,0,0,0,256,256
7060.0,0,0,0,0,0,0,0,0,257,257
7070.0,0,0,0,0,0,0,0,0,249,249
7080.0,0,0,0,0,0,0,0,0,248,248
7090.0,0,0,0,0,0,0,0,0,251,251
7100.0,0,0,0,0,0,0,0,0,247,247
7110.0,0,0,0,0,0,0,0,0,243,243
7120.0,0,0,0,0,0,0,0,0,245,245
7130.0,0,0,0,0,0,0,0,0,251,251
7140.0,0,0,0,0,0,0,0,0,254,254
7150.0,0,0,0,0,0,0,0,0,255,255
7160.0,0,0,0,0,0,0,0,0,250,250
7170.0,0,0,0,0,0,0,0,0,242,242
7180.0,0,0,0,0,0,0,0,0,246,246
7190.0,0,0,0,0,0,0,0,0,250,250
7200.0,0,0,0,0,0,0,0,0,253,253
7210.0,0,0,0,0,0,0,0,0,251,251
7220.0,0,0,0,0,0,0,0,0,257,257
7230.0,0,0,0,0,0,0,0,0,249,249
7240.0,0,0,0,0,0,0,0,0,248,248
7250.0,0,0,0,0,0,0,0,0,246,246
7260.0,0,0,0,0,0,0,0,0,241,241
7270.0,0,0,0,0,0,0,0,0,239,239
7280.0,0,0,0,0,0,0,0,0,242,242
7290.0,0,0,0,0,0,0,0,0,240,240
7300.0,0,0,0,0,0,0,0,0,239,239
7310.0,0,0,0,0,0,0,0,0,238,238
7320.0,0,0,0,0,0,0,0,0,241,241
7330.0,0,0,0,0,0,0,0,0,227,227
7340.0,0,0,0,0,0,0,0,0,226,226
7350.0,0,0,0,0,0,0,0,0,233,233
7360.0,0,0,0,0,0,0,0,0,240,240
7370.0,0,0,0,0,0,0,0,0,246,246
7380.0,0,0,0,0,0,0,0,0,246,246
7390.0,0,0,0,0,0,0,0,0,246,246
7400.0,0,0,0,0,0,0,0,0,244,244
7410.0,0,0,0,0,0,0,0,0,248,248
7420.0,0,0,0,0,0,0,0,1,254,255
7430.0,0,0,0,0,0,0,0,1,255,256
7440.0,0,0,0,0,0,0,0,1,264,265
7450.0,0,0,0,0,0,0,0,1,267,268
7460.0,0,0,0,0,0,0,0,1,262,263
7470.0,0,0,0,0,0,0,0,1,261,262
7480.0,0,0,0,0,0,0,0,1,261,262
7490.0,0,0,0,0,0,0,0,1,253,254
7500.0,0,0,0,0,0,0,0,1,247,248
7510.0,0,0,0,0,0,0,0,1,246,247
7520.0,0,0,0,0,0,0,0,1,244,245
7530.0,0,0,0,0,0,0,0,1,241,242
7540.0,0,0,0,0,0,0,0,1,237,238
7550.0,0,0,0,0,0,0,0,1,232,233
7560.0,0,0,0,0,0,0,0,1,225,226
7570.0,0,0,0,0,0,0,0,1,222,223
7580.0,0,0,0,0,0,0,0,1,225,226
7590.0,0,0,0,0,0,0,0,1,214,215
7600.0,0,0,0,0,0,0,0,1,221,222
7610.0,0,0,0,0,0,0,0,1,227,228
7620.0,0,0,0,0,0,0,0,1,237,238
7630.0,0,0,0,0,0,0,0,1,244,245
7640.0,0,0,0,0,0,0,0,1,245,246
7650.0,0,0,0,0,0,0,0,1,239,240
7660.0,0,0,0,0,0,0,0,1,243,244
7670.0,0,0,0,0,0,0,0,1,237,238
7680.0,0,0,0,0,0,0,0,1,232,233
7690.0,0,0,0,0,0,0,0,1,235,236
7700.0,0,0,0,0,0,0,0,1,230,231
7710.0,0,0,0,0,0,0,0,1,233,234
7720.0,0,0,0,0,0,0,0,1,229,230
7730.0,0,0,0,0,0,0,0,1,226,227
7740.0,0,0,0,0,0,0,0,1,226,227
7750.0,0,0,0,0,0,0,0,1,225,226
7760.0,0,0,0,0,0,0,0,1,227,228
7770.0,0,0,0,0,0,0,0,1,229,230
7780.0,0,0,0,0,0,0,0,1,228,229
7790.0,0,0,0,0,0,0,0,1,222,223
7800.0,0,0,0,0,0,0,0,1,223,224
7810.0,0,0,0,0,0,0,0,1,226,227
7820.0,0,0,0,0,0,0,0,1,232,233
7830.0,0,0,0,0,0,0,0,1,238,239
7840.0,0,0,0,0,0,0,0,1,243,244
7850.0,0,0,0,0,0,0,0,0,241,241
7860.0,0,0,0,0,0,0,0,0,232,232
7870.0,0,0,0,0,0,0,0,0,227,227
7880.0,0,0,0,0,0,0,0,0,227,227
7890.0,0,0,0,0,0,0,0,0,225,225
7900.0,0,0,0,0,0,0,0,0,220,220
7910.0,0,0,0,0,0,0,1,0,225,226
7920.0,0,0,0,0,0,0,1,0,221,222
7930.0,0,0,0,0,0,0,1,0,222,223
7940.0,0,0,0,0,0,0,1,0,222,223
7950.0,0,0,0,0,0,0,1,0,219,220
7960.0,0,0,0,0,0,0,1,0,219,220
7970.0,0,0,0,0,0,0,1,0,219,220
7980.0,0,0,0,0,0,0,1,0,220,221
7990.0,0,0,0,0,0,0,0,0,225,225
8000.0,0,0,0,0,0,0,0,0,230,230
8010.0,0,0,0,0,0,0,0,0,226,226
8020.0,0,0,0,0,0,0,0,0,219,219
8030.0,0,0,0,0,0,0,0,0,228,228
8040.0,0,0,0,0,0,0,0,0,232,232
8050.0,0,0,0,0,0,0,0,0,234,234
8060.0,0,0,0,0,0,0,0,0,218,218
8070.0,0,0,0,0,0,0,0,0,221,221
8080.0,0,0,0,0,0,0,0,0,221,221
8090.0,0,0,0,0,0,0,0,0,222,222
8100.0,0,0,0,0,0,0,0,0,221,221
8110.0,0,0,0,0,0,0,0,0,234,234
8120.0,0,0,0,0,0,0,0,0,237,237
8130.0,0,0,0,0,0,0,0,0,236,236
8140.0,0,0,0,0,0,0,0,0,242,242
8150.0,0,0,0,0,0,0,0,0,251,251
8160.0,0,0,0,0,0,0,0,0,252,252
8170.0,0,0,0,0,0,0,0,0,257,257
8180.0,0,0,0,0,0,0,0,0,261,261
8190.0,0,0,0,0,0,0,0,0,260,260
8200.0,0,0,0,0,0,0,0,0,250,250
8210.0,0,0,0,0,0,0,0,0,250,250
8220.0,0,0,0,0,0,0,0,0,244,244
8230.0,0,0,0,0,0,0,0,0,248,248
8240.0,0,0,0,0,0,0,0,0,246,246
8250.0,0,0,0,0,0,0,0,0,244,244
8260.0,0,0,0,0,0,0,0,0,247,247
8270.0,0,0,0,0,0,0,0,0,246,246
8280.0,0,0,0,0,0,0,0,0,237,237
8290.0,0,0,0,0,0,0,0,0,238,238
8300.0,0,0,0,0,0,0,0,0,241,241
8310.0,0,0,0,0,0,0,0,0,239,239
8320.0,0,0,0,0,0,0,0,0,240,240
8330.0,0,0,0,0,0,0,0,0,237,237
8340.0,0,0,0,0,0,0,0,0,242,242
8350.0,0,0,0,0,0,0,0,0,244,244
8360.0,0,0,0,0,0,0,0,0,240,240
8370.0,0,0,0,0,0,0,0,0,238,238
8380.0,0,0,0,0,0,0,0,0,248,248
8390.0,0,0,0,0,0,0,0,0,241,241
8400.0,0,0,0,0,0,0,0,0,243,243
8410.0,0,0,0,0,0,0,0,0,231,231
8420.0,0,0,0,0,0,0,0,0,227,227
8430.0,0,0,0,0,0,0,0,0,230,230
8440.0,0,0,0,0,0,0,0,0,231,231
8450.0,0,0,0,0,0,0,0,0,235,235
8460.0,0,0,0,0,0,0,0,0,223,223
8470.0,0,0,0,0,0,0,0,0,226,226
8480.0,0,0,0,0,0,0,0,0,223,223
8490.0,0,0,0,0,0,0,0,0,226,226
8500.0,0,0,0,0,0,0,0,0,230,230
8510.0,0,0,0,0,0,0,0,0,234,234
8520.0,0,0,0,0,0,0,0,0,234,234
8530.0,0,0,0,0,0,0,0,0,225,225
8540.0,0,0,0,0,0,0,0,0,228,228
8550.0,0,0,0,0,0,0,0,0,222,222
8560.0,0,0,0,0,0,0,0,0,219,219
8570.0,0,0,0,0,0,0,0,0,219,219
8580.0,0,0,0,0,0,0,0,0,220,220
8590.0,0,0,0,0,0,0,0,0,223,223
8600.0,0,0,0,0,0,0,0,0,228,228
8610.0,0,0,0,0,0,0,0,0,228,228
8620.0,0,0,0,0,0,0,0,0,227,227
8630.0,0,0,0,0,0,0,0,0,232,232
8640.0,0,0,0,0,0,0,0,0,231,231
8650.0,0,0,0,0,0,0,0,0,236,236
8660.0,0,0,0,0,0,0,0,0,239,239
8670.0,0,0,0,0,0,0,0,0,242,242
8680.0,0,0,0,0,0,0,0,0,247,247
8690.0,0,0,0,0,0,0,0,0,242,242
8700.0,0,0,0,0,0,0,0,0,243,243
8710.0,0,0,0,0,0,0,0,0,245,245
8720.0,0,0,0,0,0,0,0,0,245,245
8730.0,0,0,0,0,0,0,0,0,246,246
8740.0,0,0,0,0,0,0,0,0,248,248
8750.0,0,0,0,0,0,0,0,0,248,248
8760.0,0,0,0,0,0,0,0,0,248,248
8770.0,0,0,0,0,0,0,0,0,245,245
8780.0,0,0,0,0,0,0,0,0,236,236
8790.0,0,0,0,0,0,0,0,0,228,228
8800.0,0,0,0,0,0,0,0,0,227,227
8810.0,0,0,0,0,0,0,0,0,230,230
8820.0,0,0,0,0,0,0,0,0,229,229
8830.0,0,0,0,0,0,0,0,0,232,232
8840.0,0,0,0,0,0,0,0,0,239,239
8850.0,0,0,0,0,0,0,0,0,230,230
8860.0,0,0,0,0,0,0,0,0,240,240
8870.0,0,0,0,0,0,0,0,0,236,236
8880.0,0,0,0,0,0,0,0,0,226,226
8890.0,0,0,0,0,0,0,0,0,222,222
8900.0,0,0,0,0,0,0,0,0,224,224
8910.0,0,0,0,0,0,0,0,0,222,222
8920.0,0,0,0,0,0,0,0,0,226,226
8930.0,0,0,0,0,0,0,0,0,224,224
8940.0,0,0,0,0,0,0,0,0,222,222
8950.0,0,0,0,0,0,0,0,0,221,221
8960.0,0,0,0,0,0,0,0,0,220,220
8970.0,0,0,0,0,0,0,0,0,221,221
8980.0,0,0,0,0,0,0,0,0,217,217
8990.0,0,0,0,0,0,0,0,0,220,220
9000.0,0,0,0,0,0,0,0,0,221,221
9010.0,0,0,0,0,0,0,0,0,222,222
9020.0,0,0,0,0,0,0,0,0,223,223
9030.0,0,0,0,0,0,0,0,0,223,223
9040.0,0,0,0,0,0,0,0,0,228,228
9050.0,0,0,0,0,0,0,0,0,234,234
9060.0,0,0,0,0,0,0,0,0,241,241
9070.0,0,0,0,0,0,0,0,0,249,249
9080.0,0,0,0,0,0,0,0,0,252,252
9090.0,0,0,0,0,0,0,0,0,251,251
9100.0,0,0,0,0,0,0,0,0,253,253
9110.0,0,0,0,0,0,0,0,0,252,252
9120.0,0,0,0,0,0,0,0,0,248,248
9130.0,0,0,0,0,0,0,0,0,245,245
9140.0,0,0,0,0,0,0,0,0,241,241
9150.0,0,0,0,0,0,0,0,0,234,234
9160.0,0,0,0,0,0,0,0,0,234,234
9170.0,0,0,0,0,0,0,0,0,228,228
9180.0,0,0,0,0,0,0,0,0,228,228
9190.0,0,0,0,0,0,0,0,0,227,227
9200.0,0,0,0,0,0,0,0,0,226,226
9210.0,0,0,0,0,0,0,0,0,225,225
9220.0,0,0,0,0,0,0,0,0,228,228
9230.0,0,0,0,0,0,0,0,0,228,228
9240.0,0,0,0,0,0,0,0,0,236,236
9250.0,0,0,0,0,0,0,0,0,237,237
9260.0,0,0,0,0,0,0,0,0,235,235
9270.0,0,0,0,0,0,0,0,0,221,221
9280.0,0,0,0,0,0,0,0,0,222,222
9290.0,0,0,0,0,0,0,0,0,211,211
9300.0,0,0,0,0,0,0,0,0,214,214
9310.0,0,0,0,0,0,0,0,0,211,211
9320.0,0,0,0,0,0,0,0,0,207,207
9330.0,0,0,0,0,0,0,0,0,204,204
9340.0,0,0,0,0,0,0,0,0,208,208
9350.0,0,0,0,0,0,0,0,0,210,210
9360.0,0,0,0,0,0,0,0,0,209,209
9370.0,0,0,0,0,0,0,0,0,215,215
9380.0,0,0,0,0,0,0,0,0,213,213
9390.0,0,0,0,0,0,0,0,0,223,223
9400.0,0,0,0,0,0,0,0,0,232,232
9410.0,0,0,0,0,0,0,0,0,242,242
9420.0,0,0,0,0,0,0,0,0,241,241
9430.0,0,0,0,0,0,0,0,0,246,246
9440.0,0,0,0,0,0,0,0,0,247,247
9450.0,0,0,0,0,0,0,0,0,241,241
9460.0,0,0,0,0,0,0,0,0,237,237
9470.0,0,0,0,0,0,0,0,0,240,240
9480.0,0,0,0,0,0,0,0,0,237,237
9490.0,0,0,0,0,0,0,0,0,230,230
9500.0,0,0,0,0,0,0,0,0,229,229
9510.0,0,0,0,0,0,0,0,0,228,228
9520.0,0,0,0,0,0,0,0,0,222,222
9530.0,0,0,0,0,0,0,0,0,218,218
9540.0,0,0,0,0,0,0,0,0,220,220
9550.0,0,0,0,0,0,0,0,0,222,222
9560.0,0,0,0,0,0,0,0,0,222,222
9570.0,0,0,0,0,0,0,0,0,226,226
9580.0,0,0,0,0,0,0,0,0,236,236
9590.0,0,0,0,0,0,0,0,0,239,239
9600.0,0,0,0,0,0,0,0,0,242,242
9610.0,0,0,0,0,0,0,0,0,247,247
9620.0,0,0,0,0,0,0,0,0,244,244
9630.0,0,0,0,0,0,0,0,0,245,245
9640.0,0,0,0,0,0,0,0,0,243,243
9650.0,0,0,0,0,0,0,0,0,246,246
9660.0,0,0,0,0,0,0,0,0,255,255
9670.0,0,0,0,0,0,0,0,0,251,251
9680.0,0,0,0,0,0,0,0,0,253,253
9690.0,0,0,0,0,0,0,0,0,250,250
9700.0,0,0,0,0,0,0,0,0,245,245
9710.0,0,0,0,0,0,0,0,0,251,251
9720.0,0,0,0,0,0,0,0,0,254,254
9730.0,0,0,0,0,0,0,0,0,257,257
9740.0,0,0,0,0,0,0,0,0,255,255
9750.0,0,0,0,0,0,0,0,0,253,253
9760.0,0,0,0,0,0,0,0,0,256,256
9770.0,0,0,0,0,0,0,0,0,246,246
9780.0,0,0,0,0,0,0,0,0,253,253
9790.0,0,0,0,0,0,0,0,0,259,259
9800.0,0,0,0,0,0,0,0,0,257,257
9810.0,0,0,0,0,0,0,0,0,260,260
9820.0,0,0,0,0,0,0,0,0,263,263
9830.0,0,0,0,0,0,0,0,0,256,256
9840.0,0,0,0,0,0,0,0,0,265,265
9850.0,0,0,0,0,0,0,0,0,262,262
9860.0,0,0,0,0,0,0,0,0,261,261
9870.0,0,0,0,0,0,0,0,0,251,251
9880.0,0,0,0,0,0,0,0,0,249,249
9890.0,0,0,0,0,0,0,0,0,250,250
9900.0,0,0,0,0,0,0,0,0,248,248
9910.0,0,0,0,0,0,0,0,0,250,250
9920.0,0,0,0,0,0,0,0,0,247,247
9930.0,0,0,0,0,0,0,0,0,242,242
9940.0,0,0,0,0,0,0,0,0,243,243
9950.0,0,0,0,0,0,0,0,0,237,237
9960.0,0,0,0,0,0,0,0,0,243,243
9970.0,0,0,0,0,0,0,0,0,245,245
9980.0,0,0,0,0,0,0,0,0,243,243
9990.0,0,0,0,0,0,0,0,0,244,244
10000.0,0,0,0,0,0,0,0,0,241,241
