Time,MKAKLLVLLCAFTATDADTICIGYHANNSTDTVDTVLEKNVTVTHSVNLLEDSHNGKLCRLKGIAPLQLGNCSIAGWILGNPECESLFSKESWSYIAETPNSENGTCYPGYFADYEELREQLSSVSSFERFEIFPKESSWPNHTVTKGVTAACSHNGKSSFYRNLLWLTEKNGLYPNLSKSYVNNKEKEVLVLWGVHHPSNIGDQRAIYHTENAYVSVVSSHYSRRFTPEIAKRPKVRGQEGRINYYWTLLEPGDTIIFEANGNLIAPWYAFALSRGFGSGIITSNASMDECDAKCQTPQGAINSSLPFQNVHPVTIGECPKYVRSTKLRMVTGLRNIPSVQSRGLFGAIAGFIEGGWTGMIDGWYGYHHQNEQGSGYAADQKSTQNAINGITNKVNSVIEKMNTQFTAVGKEFNKLERRMENLNKKVDDGFLDIWTYNAELLVLLENERTLDFHDSNVKNLYEKVKSQLKNNAKEIGNGCFEFYHKCNNECMESVKNGTYDYPKYSEESKLNREKIDGVKLESMGVYQILAIYSTVASSLVLLVSLGAISFWMCSNGSLQCRICI,ITAKRLVLLCAFTATDADTICIGYHAKNKTDTVDTVLEKNVYVRHSVNLLEDSHNGKPPRLKGIAPLVLGNCSIAGWIIGNPKCKSLFSKEEWRYIAETPNSENGTCYPCYFADYEEHREQLSSVSSDEVFEIFPKESLWPNHTVFSGVTAACSHHCKSSFWPNLLWKTPKNGLYPNGSYSCVNNKEKEVLVHWGVHHPSNIGDQRAITHYENAYVSVVSSMYSRYFTPEIAKRPKVRGQEGRINYWWTLLEPGDTIINEANGNLIAPWLAFALSRGFGSGIPYSNAVMDECDAKCQTPQGTQNSSVPFQNVHPVTIGECPKYVRSTKKRMVTGLRNIPSVNSRALFWAIAGTWEGGWTGMTNVWQEYHHKWEQGSGEAADQKSTQNAINGIHNVVNSVIEKMVTQFTAVGKEFNKLERRMENLNKKVDDGFLDIWTYNSENLDLVINEEGLDFHDFNVKNLYEKVKSQLKNNAKEIGNGAFEFYHKCNNTHMFSVKNGTYDYPKYSEESKLCREKIKGVKLESMGVYQILAIYSTVACSLVLLVSLGAISFWMCSNWSLQCRIDI,MKAKLLVLLCAFTATDADTICIGYHANNSTDTVDTVLEKNVTVTHSVNLLEDSHNGKLCRLKGIAPLQLGNCSIAGWILGNPECESLFCKESWSYIAETPNSENGTCYPGYFADYEELCEQLSSVSSFERFEIFPKESSWPNHTVTKGVTAACSHNGKSSFYRNLLWLTEKNGLYPNLSKSYVNNKEKEVLVLWGVHHPSNIGDQRAIYHTENAYVSVVSSHYSRRFTPEIAKRPKVRGQEGRINYYWTLLEPGDTIIFEANGNLIAPWYAFALSRGFGSGIITSNASMDECDAKCQTPQGAINSSLPFQNVHPVTIGECPKYVRSTKLRMVTGLRNIPSVQSRGLFGAIAGFIEGGWTGMIDVWYGYHHQNEQGSGYAADQKSTQNAINGITNKVNSVQEKMNTQFTAVGKEFNKLERRMENLNKKVDDGFLDIWTYNAELLVLLENERTLDFHDSNVKNLYEKVKSQLKNNAKEIGNGCFEFYHKCNNECMESVKNGTYDYPKYSEESKLNREKIDGVKLESMGVYQILAIYSTCASSLVLLVSLGAISFWMCSNGSLQCRICI,MKAKLLVLLCAFTATDADTICIGYHANNSTDTVDTVLEKNVTVTHSVNLLEDSHNGKLCRLKGIAPLQLGNCSIAGWILGNPECESLFSKESWSYIAETPNSENGTCYPGYFADYEELREQLSSVSSFERFEIFPKESSWPNHTVTKGVTAACSHNGKSSFYRNLLWLTEKNGLYPNLSKGYVNNKEKEVLVLWGVHHPSNIGDQRAIYHTENAYVSVVSSHYSRRFTPEIAKRPKVRGQEGRINYYWTLLEPGDTIIFEANGNLIAPWYAFALSRGFGSGIPTSNASMDECDAKCQTPQGAINSSLPFQNVHPVTIGECPKYVRSTKLRMVTGLRNIPSVQSRGLFGAIAGFIEGGWTGMIMVWYGYHHQNEQGLGYAADQKSTQNAINGITNKVNSVIEKMNTQFTAVGKEFNKLERAMENLNKKVDDGFLDIWTYNAELLVLLENERTLDFHDSNVKNLYEKVKSQLKNNAKEIGNGCFEFYHKCNNECMESVKNGTYDYPKYSEESKLNREKIDGVKLESMGVYQILAIYSTVASSLVLLVSLGAISFWMCSNGSLQCRICI,MKAKLLVLLCAFTATDADTICISYHANNSTDTVDTVLEKNVTVTHSVNLEEDSHVGKLCRLKGICPLQLGNCSNAGWMLGNPECESLFSKESWSYIAETPNSENGTCYPGYFADYEELREQLSAVSSFERFEIFPDESSWGNHTVTKGWTAACSHNCKSSFYRNLLWLTEKNGLYPNLSKSYVNNKEKEVLVLWGVHHPSNIGDQRAIYHTENAYVSVVSSHYSRRFTPEIAKRPKVRGQEGRIVYYWTLLEPGDTIIFEANGNLIAPWYAEALSRGFGSGRITSNASFDECDAKCQTNQGAINSSLPFQNVHHETIGECPKYVRSTKLRMVTGLRNIPSVQSRGLFGAIAGFIEGGWTGMIDVWYGYHHQNEQGSGYAADQKSTQNAINGITNKVNSVFEKMNTQFTAEGREFNVLERRMENLNKKEDDGFLDIWTYNAELLVLLENERTLDFHDSNVKNLYEKVKSQLKNNAKERTNCCFEFYHKCNNECMESVKNGTYDYKKYSEESKLNREKIDGVKLESMGVYQILAIYSTVASSLVLLVSLGAISEWMCSNVSLQCRICI,MKAKLLVLLCAFTATTADTICIGLHANNSTDTVDTVLEKNVTVTHSVNLLEDSHNGKLCRLKGIAPLQLGNCSIAGWILGNPECESLFSKESISYIAETPDFENGTCYPLYFADYDELEEQLSSVSSKERFEIFPKEDSWPNHTVTKGVTAACSHNGHSSFYRNLLWLTEKNGLYPNLSKIYVNNKEKEVWVLWGVHHPSNEGDQREICHTENAYVSVVSSHKSRRFTPEIAKRPKVRGQEGRINYYWTLAEPGDTIIFEANLNLIAPVYAFALSRGFESGIITSNASMDECDAKCQTPQTAINSSLPFQNVHPVTIGECPKYVRSTKLRMVTGLRNIPSVSSRGLFGAIAVIIEGGWTGMIDVWYGYHHFNEQGSGYRADQKSTQNAINGITNKVNSVIEKMNGQFTAVGKEFNKLERRMENLNKKVDDGFLDEWTYNAELLVLLENERTLDFHDSNVKNLYEKVKSQLKNNAKEIGNGCFEFYHECNNECMESVKNGTYDYPKYSEESKLNREKIDGVKLESSGVYQIIAINSTVASSLVLLVSLGAISFSMCSNGSLQCHIGI,MKAKLLVKLCAFTATDADTQCIGYHANNETDTVDTVLEKCVTVTHSVNLLEDSHNGKLCRHKGIAPLQLGNCSIAGWILGNPICNSAFSKESWCYIAETPNSENGTCYPGDTADYEELREQLSSVSSFERGEIFPKESSRPNHHVTKSVTAACSHNGVSSFYRNLLWLTTKNGLYPNLSKSYVNNKQKEVLVLWGLHHPFNIVDQRAIYHTENAYVSVVFSHYSRRFTPEIYKRGKVRGQEGRINYYWTLLEPIDTIIFEANGILIAPFYAFALPRSFGSGIITSNASMDECDAKCQHPQGAYNSSLPFQNVHPVTIGECPKYVHSTKLRMVTGLRNIKMVQTRGLFGAIAGFIEGGATGMIDVWYGYHHQNEQGSGYAADQTSTENAINGITNKVNPVIEKMNTQFAAVGKEFNKLERRMENLNKKVDDGFPDIWTYNAELIVLLENERTLDCHDSNVWNLYEKVKSQLKNNAKEIGNGCFEFYHKCNNEAMESVKNGTVDYPKYSEESKLNREKIDGVNLESMGVYQILAIYSTVASSLDLLVSLGAISFWMCSNGSLQTRICI,MKAKLLVKLCAFTVTDADTQCIGYHANNSTDTVDTVLEKCVTVTHSVNLLEDSHNGKLCRVKGIAPLQLGNCSIAGWILGNPECNSAFSKESWCYIAETPNSENGNCYPGYTMDYEELREQLSSVSSFERFEIFPKESSRPNHTVTKGVTAACSHNGKVSFYRNLLWLTTKNGLYPNLSKSYVNNKEKEVLVLWGLHHPSNIVDQRAIYHTENAYVSVVFSHYGRRFTPEIYKRPKVRGQEGRINYYWTLLEPIDTIIFEANGILLAPWYAFALSRGFGSGIITSNASMDECDAKCQHPQGAINSSLPFQNVHPVTIGECPKYVHSTKLRMVTGLRNIPMVQTRGLFGAIAGFIEGGATGMIDVWYGYHHQNEQGSGYAADQTSTQNAINGITNKVNSVIEKMNTQFAMVGKEFTKLLRRMENLNKKVDDGFPDIWTYNAELLDLLENERTLIFHDSNVWNLYEKVKSQLKNNAKEIGNGCFEFYHKCNNEAMESVKNGTYDYPKYLEESKNNREKIDGVNLESMGVYQILAIYSTVASSLDLLVSLGAISFSMCSNGSLQTRICI,Other,Total
0.0,0,0,0,0,0,0,0,0,0,0
10.0,0,0,0,0,0,0,0,0,0,0
20.0,0,0,0,0,0,0,0,0,0,0
30.0,0,0,0,0,0,0,0,0,0,0
40.0,0,0,0,0,0,0,0,0,0,0
50.0,0,0,0,0,0,0,0,0,0,0
60.0,0,0,0,0,0,0,0,0,0,0
70.0,0,0,0,0,0,0,0,0,0,0
80.0,0,0,0,0,0,0,0,0,0,0
90.0,0,0,0,0,0,0,0,0,0,0
100.0,0,0,0,0,0,0,0,0,0,0
110.0,0,0,0,0,0,0,0,0,1,1
120.0,0,0,0,0,0,0,0,0,0,0
130.0,0,0,0,0,0,0,0,0,0,0
140.0,0,0,0,0,0,0,0,0,10,10
150.0,0,0,0,0,0,0,0,0,15,15
160.0,0,0,0,0,0,0,0,0,14,14
170.0,0,0,0,0,0,0,0,0,11,11
180.0,0,0,0,0,0,0,0,0,2,2
190.0,0,0,0,0,0,0,0,0,4,4
200.0,0,0,0,0,0,0,0,0,1,1
210.0,0,0,0,1,0,0,0,0,0,1
220.0,0,0,0,0,0,0,0,0,1,1
230.0,0,0,0,0,0,0,0,0,0,0
240.0,0,0,1,0,0,0,0,0,1,2
250.0,0,0,0,0,0,0,0,0,2,2
260.0,0,0,0,0,0,0,0,0,3,3
270.0,0,0,0,0,0,0,0,0,2,2
280.0,0,0,0,0,0,0,0,0,3,3
290.0,0,0,0,0,0,0,0,0,5,5
300.0,0,0,0,0,0,0,0,0,6,6
310.0,0,0,0,0,0,0,0,0,10,10
320.0,0,0,0,0,0,0,0,0,8,8
330.0,0,0,0,0,0,0,0,0,7,7
340.0,0,0,0,0,0,0,0,0,6,6
350.0,0,0,0,0,0,0,0,0,6,6
360.0,0,0,0,0,0,0,0,0,5,5
370.0,0,0,0,0,0,0,0,0,1,1
380.0,0,0,0,0,0,0,0,0,0,0
390.0,0,0,0,0,0,0,0,0,6,6
400.0,0,0,0,0,0,0,0,0,3,3
410.0,0,0,0,0,0,0,0,0,4,4
420.0,0,0,0,0,0,0,0,0,1,1
430.0,0,0,0,0,0,0,0,0,2,2
440.0,0,0,0,0,0,0,0,0,6,6
450.0,0,0,0,0,0,0,0,0,8,8
460.0,0,0,0,0,0,0,0,0,2,2
470.0,0,0,0,0,0,0,0,0,5,5
480.0,0,0,0,0,0,0,0,0,5,5
490.0,0,0,0,0,0,0,0,0,3,3
500.0,0,0,0,0,0,0,0,0,5,5
510.0,0,0,0,0,0,0,0,0,5,5
520.0,0,0,0,0,0,0,0,0,5,5
530.0,0,0,0,0,0,0,0,0,3,3
540.0,0,0,0,0,0,0,0,0,3,3
550.0,0,0,0,0,0,0,0,0,6,6
560.0,0,0,0,0,0,0,0,0,5,5
570.0,0,0,0,0,0,0,0,0,4,4
580.0,0,0,0,0,0,0,0,0,0,0
590.0,0,0,0,0,0,0,0,0,2,2
600.0,0,0,0,0,0,0,0,0,4,4
610.0,0,0,0,0,0,0,0,0,6,6
620.0,0,0,0,0,0,0,0,0,8,8
630.0,0,0,0,0,0,0,0,0,5,5
640.0,0,0,0,0,0,0,0,0,2,2
650.0,0,0,0,0,0,0,0,0,4,4
660.0,0,0,0,0,0,0,0,0,5,5
670.0,0,0,0,0,0,0,0,0,2,2
680.0,0,0,0,0,0,0,0,0,2,2
690.0,0,0,0,0,0,0,0,0,6,6
700.0,0,0,0,0,0,0,0,0,2,2
710.0,0,0,0,0,0,0,0,0,0,0
720.0,0,0,0,0,0,0,0,0,3,3
730.0,0,0,0,0,0,0,0,0,6,6
740.0,0,0,0,0,0,0,0,0,4,4
750.0,0,0,0,0,0,0,0,0,3,3
760.0,0,0,0,0,0,0,0,0,7,7
770.0,0,0,0,0,0,0,0,0,8,8
780.0,0,0,0,0,0,0,0,0,6,6
790.0,0,0,0,0,0,0,0,0,6,6
800.0,0,0,0,0,0,0,0,0,6,6
810.0,0,0,0,0,0,0,0,0,9,9
820.0,0,0,0,0,0,0,0,0,5,5
830.0,0,0,0,0,0,0,0,0,1,1
840.0,0,0,0,0,0,0,0,0,4,4
850.0,0,0,0,0,0,0,0,0,1,1
860.0,0,0,0,0,0,0,0,0,3,3
870.0,0,0,0,0,0,0,0,0,4,4
880.0,0,0,0,0,0,0,0,0,5,5
890.0,0,0,0,0,0,0,0,0,2,2
900.0,0,0,0,0,0,0,0,0,3,3
910.0,0,0,0,0,0,0,0,0,6,6
920.0,0,0,0,0,0,0,0,0,4,4
930.0,0,0,0,0,0,0,0,0,3,3
940.0,0,0,0,0,0,0,0,0,5,5
950.0,0,0,0,0,0,0,0,0,5,5
960.0,0,0,0,0,0,0,0,0,5,5
970.0,0,0,0,0,0,0,0,0,3,3
980.0,0,0,0,0,0,0,0,0,8,8
990.0,0,0,0,0,0,0,0,0,7,7
1000.0,0,0,0,0,0,0,0,0,6,6
1010.0,0,0,0,0,0,0,0,0,5,5
1020.0,0,0,0,0,0,0,0,0,8,8
1030.0,0,0,0,0,0,0,0,0,6,6
1040.0,0,0,0,0,0,0,0,0,7,7
1050.0,0,0,0,0,0,0,0,0,6,6
1060.0,0,0,0,0,0,0,0,0,5,5
1070.0,0,0,0,0,0,0,0,0,3,3
1080.0,0,0,0,0,0,0,0,0,7,7
1090.0,0,0,0,0,0,0,0,0,2,2
1100.0,0,0,0,0,0,0,0,0,5,5
1110.0,0,0,0,0,0,0,0,0,5,5
1120.0,0,0,0,0,0,0,0,0,5,5
1130.0,0,0,0,0,0,0,0,0,4,4
1140.0,0,0,0,0,0,0,0,0,4,4
1150.0,0,0,0,0,0,0,0,0,3,3
1160.0,0,0,0,0,0,0,0,0,3,3
1170.0,0,0,0,0,0,0,0,0,2,2
1180.0,0,0,0,0,0,0,0,0,7,7
1190.0,0,0,0,0,0,0,0,0,1,1
1200.0,0,0,0,0,0,0,0,0,3,3
1210.0,0,0,0,0,0,0,0,0,4,4
1220.0,0,0,0,0,0,0,0,0,7,7
1230.0,0,0,0,0,0,0,0,0,7,7
1240.0,0,0,0,0,0,0,0,0,5,5
1250.0,0,0,0,0,0,0,0,0,3,3
1260.0,0,0,0,0,0,0,0,0,1,1
1270.0,0,0,0,0,0,0,0,0,2,2
1280.0,0,0,0,0,0,0,0,0,5,5
1290.0,0,0,0,0,0,0,0,0,4,4
1300.0,0,0,0,0,0,0,0,0,5,5
1310.0,0,0,0,0,0,0,0,0,1,1
1320.0,0,0,0,0,0,0,0,0,1,1
1330.0,0,0,0,0,0,0,0,0,4,4
1340.0,0,0,0,0,0,0,0,0,4,4
1350.0,0,0,0,0,0,0,0,0,7,7
1360.0,0,0,0,0,0,0,0,0,7,7
1370.0,0,0,0,0,0,0,0,0,5,5
1380.0,0,0,0,0,0,0,0,0,3,3
1390.0,0,0,0,0,0,0,0,0,5,5
1400.0,0,0,0,0,0,0,0,0,3,3
1410.0,0,0,0,0,0,0,0,0,6,6
1420.0,0,0,0,0,0,0,0,0,6,6
1430.0,0,0,0,0,0,0,0,0,4,4
1440.0,0,0,0,0,0,0,0,0,4,4
1450.0,0,0,0,0,0,0,0,0,6,6
1460.0,0,0,0,0,0,0,0,0,2,2
1470.0,0,0,0,0,0,0,0,0,2,2
1480.0,0,0,0,0,0,0,0,0,0,0
1490.0,0,0,0,0,0,0,0,0,4,4
1500.0,0,0,0,0,0,0,0,0,6,6
1510.0,0,0,0,0,0,0,0,0,4,4
1520.0,0,0,0,0,0,0,0,0,3,3
1530.0,0,0,0,0,0,0,0,0,5,5
1540.0,0,0,0,0,0,0,0,0,3,3
1550.0,0,0,0,0,0,0,0,0,4,4
1560.0,0,0,0,0,0,0,0,0,0,0
1570.0,0,0,0,0,0,0,0,0,2,2
1580.0,0,0,0,0,0,0,0,0,5,5
1590.0,0,0,0,0,0,0,0,0,2,2
1600.0,0,0,0,0,0,0,0,0,4,4
1610.0,0,0,0,0,0,0,0,0,4,4
1620.0,0,0,0,0,0,0,0,0,5,5
1630.0,0,0,0,0,0,0,0,0,4,4
1640.0,0,0,0,0,0,0,0,0,7,7
1650.0,0,0,0,0,0,0,0,0,6,6
1660.0,0,0,0,0,0,0,0,0,3,3
1670.0,0,0,0,0,0,0,0,0,5,5
1680.0,0,0,0,0,0,0,0,0,3,3
1690.0,0,0,0,0,0,0,0,0,3,3
1700.0,0,0,0,0,0,0,0,0,2,2
1710.0,0,0,0,0,0,0,0,0,5,5
1720.0,0,0,0,0,0,0,0,0,4,4
1730.0,0,0,0,0,0,0,0,0,3,3
1740.0,0,0,0,0,0,0,0,0,0,0
1750.0,0,0,0,0,0,0,0,0,1,1
1760.0,0,0,0,0,0,0,0,0,3,3
1770.0,0,0,0,0,0,0,0,0,4,4
1780.0,0,0,0,0,0,0,0,0,4,4
1790.0,0,0,0,0,0,0,0,0,5,5
1800.0,0,0,0,0,0,0,0,0,5,5
1810.0,0,0,0,0,0,0,0,0,3,3
1820.0,0,0,0,0,0,0,0,0,7,7
1830.0,0,0,0,0,0,0,0,0,6,6
1840.0,0,0,0,0,0,0,0,0,3,3
1850.0,0,0,0,0,0,0,0,0,4,4
1860.0,0,0,0,0,0,0,0,0,6,6
1870.0,0,0,0,0,0,0,0,0,3,3
1880.0,0,0,0,0,0,0,0,0,6,6
1890.0,0,0,0,0,0,0,0,0,2,2
1900.0,0,0,0,0,0,0,0,0,3,3
1910.0,0,0,0,0,0,0,0,0,5,5
1920.0,0,0,0,0,0,0,0,0,1,1
1930.0,0,0,0,0,0,0,0,0,3,3
1940.0,0,0,0,0,0,0,0,0,2,2
1950.0,0,0,0,0,0,0,0,0,6,6
1960.0,0,0,0,0,0,0,0,0,4,4
1970.0,0,0,0,0,0,0,0,0,5,5
1980.0,0,0,0,0,0,0,0,0,2,2
1990.0,0,0,0,0,0,0,0,0,7,7
2000.0,0,0,0,0,0,0,0,0,5,5
2010.0,0,0,0,0,0,0,0,0,4,4
2020.0,0,0,0,0,0,0,0,0,6,6
2030.0,0,0,0,0,0,0,0,0,5,5
2040.0,0,0,0,0,0,0,0,0,5,5
2050.0,0,0,0,0,0,0,0,0,1,1
2060.0,0,0,0,0,1,0,0,0,1,2
2070.0,0,0,0,0,1,0,0,0,7,8
2080.0,0,0,0,0,0,0,0,0,7,7
2090.0,0,0,0,0,0,0,0,0,1,1
2100.0,0,0,0,0,0,0,0,0,1,1
2110.0,0,0,0,0,0,0,0,0,6,6
2120.0,0,0,0,0,0,0,0,0,4,4
2130.0,0,0,0,0,0,1,0,0,4,5
2140.0,0,0,0,0,0,0,0,0,5,5
2150.0,0,0,0,0,0,0,0,0,5,5
2160.0,0,0,0,0,0,0,0,0,5,5
2170.0,0,0,0,0,0,0,0,0,5,5
2180.0,0,0,0,0,0,0,0,0,2,2
2190.0,0,0,0,0,0,0,0,0,6,6
2200.0,0,0,0,0,0,0,0,0,6,6
2210.0,0,0,0,0,0,0,0,0,4,4
2220.0,0,0,0,0,0,0,0,0,1,1
2230.0,0,0,0,0,0,0,0,0,4,4
2240.0,0,0,0,0,0,0,0,0,4,4
2250.0,0,0,0,0,0,0,0,0,6,6
2260.0,0,0,0,0,0,0,0,0,3,3
2270.0,0,0,0,0,0,0,0,0,3,3
2280.0,0,0,0,0,0,0,0,0,9,9
2290.0,0,0,0,0,0,0,0,0,4,4
2300.0,0,0,0,0,0,0,0,0,5,5
2310.0,0,0,0,0,0,0,0,0,3,3
2320.0,0,0,0,0,0,0,0,0,3,3
2330.0,0,0,0,0,0,0,0,0,3,3
2340.0,0,0,0,0,0,0,0,0,3,3
2350.0,0,0,0,0,0,0,0,0,2,2
2360.0,0,0,0,0,0,0,0,0,1,1
2370.0,0,0,0,0,0,0,0,0,2,2
2380.0,0,0,0,0,0,0,0,0,2,2
2390.0,0,0,0,0,0,0,0,0,1,1
2400.0,0,0,0,0,0,0,0,0,2,2
2410.0,0,0,0,0,0,0,0,0,5,5
2420.0,0,0,0,0,0,0,0,0,3,3
2430.0,0,0,0,0,0,0,0,0,2,2
2440.0,0,0,0,0,0,0,0,0,2,2
2450.0,0,0,0,0,0,0,0,0,5,5
2460.0,0,0,0,0,0,0,0,0,3,3
2470.0,0,0,0,0,0,0,0,0,4,4
2480.0,0,0,0,0,0,0,0,0,3,3
2490.0,0,0,0,0,0,0,0,0,4,4
2500.0,0,0,0,0,0,0,0,0,3,3
2510.0,0,0,0,0,0,0,0,0,2,2
2520.0,0,0,0,0,0,0,0,0,2,2
2530.0,0,0,0,0,0,0,0,0,2,2
2540.0,0,0,0,0,0,0,0,0,1,1
2550.0,0,0,0,0,0,0,0,0,1,1
2560.0,0,0,0,0,0,0,0,0,2,2
2570.0,0,0,0,0,0,0,0,0,3,3
2580.0,0,0,0,0,0,0,0,0,1,1
2590.0,0,0,0,0,0,0,0,0,2,2
2600.0,0,0,0,0,0,0,0,0,2,2
2610.0,0,0,0,0,0,0,0,0,7,7
2620.0,0,0,0,0,0,0,0,0,9,9
2630.0,0,0,0,0,0,0,0,0,4,4
2640.0,0,0,0,0,0,0,0,0,0,0
2650.0,0,0,0,0,0,0,0,0,1,1
2660.0,0,0,0,0,0,0,0,0,3,3
2670.0,0,0,0,0,0,0,0,0,5,5
2680.0,0,0,0,0,0,0,0,0,6,6
2690.0,0,0,0,0,0,0,0,0,5,5
2700.0,0,0,0,0,0,0,0,0,7,7
2710.0,0,0,0,0,0,0,0,0,5,5
2720.0,0,0,0,0,0,0,0,0,5,5
2730.0,0,0,0,0,0,0,0,0,2,2
2740.0,0,0,0,0,0,0,0,0,2,2
2750.0,0,0,0,0,0,0,0,0,4,4
2760.0,0,0,0,0,0,0,0,0,4,4
2770.0,0,0,0,0,0,0,0,0,9,9
2780.0,0,0,0,0,0,0,0,1,4,5
2790.0,0,0,0,0,0,0,0,1,5,6
2800.0,0,0,0,0,0,0,0,0,3,3
2810.0,0,0,0,0,0,0,0,0,2,2
2820.0,0,0,0,0,0,0,0,0,4,4
2830.0,0,0,0,0,0,0,0,0,1,1
2840.0,0,0,0,0,0,0,0,0,2,2
2850.0,0,0,0,0,0,0,0,0,0,0
2860.0,0,0,0,0,0,0,0,0,1,1
2870.0,0,0,0,0,0,0,0,0,5,5
2880.0,0,0,0,0,0,0,0,0,4,4
2890.0,0,0,0,0,0,0,0,0,3,3
2900.0,0,0,0,0,0,0,0,0,7,7
2910.0,0,0,0,0,0,0,0,0,8,8
2920.0,0,0,0,0,0,0,0,0,1,1
2930.0,0,0,0,0,0,0,1,0,2,3
2940.0,0,0,0,0,0,0,0,0,3,3
2950.0,0,0,0,0,0,0,0,0,5,5
2960.0,0,0,0,0,0,0,0,0,3,3
2970.0,0,0,0,0,0,0,0,0,4,4
2980.0,0,0,0,0,0,0,0,0,1,1
2990.0,0,0,0,0,0,0,0,0,2,2
3000.0,0,0,0,0,0,0,0,0,4,4
3010.0,0,0,0,0,0,0,0,0,6,6
3020.0,0,0,0,0,0,0,0,0,4,4
3030.0,0,0,0,0,0,0,0,0,3,3
3040.0,0,0,0,0,0,0,0,0,4,4
3050.0,0,0,0,0,0,0,0,0,8,8
3060.0,0,0,0,0,0,0,0,0,1,1
3070.0,0,0,0,0,0,0,0,0,5,5
3080.0,0,0,0,0,0,0,0,0,5,5
3090.0,0,0,0,0,0,0,0,0,4,4
3100.0,0,0,0,0,0,0,0,0,5,5
3110.0,0,0,0,0,0,0,0,0,4,4
3120.0,0,0,0,0,0,0,0,0,4,4
3130.0,0,0,0,0,0,0,0,0,4,4
3140.0,0,0,0,0,0,0,0,0,3,3
3150.0,0,0,0,0,0,0,0,0,4,4
3160.0,0,0,0,0,0,0,0,0,4,4
3170.0,0,0,0,0,0,0,0,0,5,5
3180.0,0,0,0,0,0,0,0,0,1,1
3190.0,0,0,0,0,0,0,0,0,2,2
3200.0,0,0,0,0,0,0,0,0,2,2
3210.0,0,0,0,0,0,0,0,0,1,1
3220.0,0,0,0,0,0,0,0,0,1,1
3230.0,0,0,0,0,0,0,0,0,5,5
3240.0,0,0,0,0,0,0,0,0,3,3
3250.0,0,0,0,0,0,0,0,0,3,3
3260.0,0,0,0,0,0,0,0,0,5,5
3270.0,0,0,0,0,0,0,0,0,3,3
3280.0,0,0,0,0,0,0,0,0,6,6
3290.0,0,0,0,0,0,0,0,0,2,2
3300.0,0,0,0,0,0,0,0,0,1,1
3310.0,0,0,0,0,0,0,0,0,4,4
3320.0,0,0,0,0,0,0,0,0,6,6
3330.0,0,0,0,0,0,0,0,0,1,1
3340.0,0,0,0,0,0,0,0,0,1,1
3350.0,0,0,0,0,0,0,0,0,5,5
3360.0,0,0,0,0,0,0,0,0,4,4
3370.0,0,0,0,0,0,0,0,0,5,5
3380.0,0,0,0,0,0,0,0,0,1,1
3390.0,0,0,0,0,0,0,0,0,4,4
3400.0,0,0,0,0,0,0,0,0,4,4
3410.0,0,0,0,0,0,0,0,0,4,4
3420.0,0,0,0,0,0,0,0,0,6,6
3430.0,0,0,0,0,0,0,0,0,4,4
3440.0,0,0,0,0,0,0,0,0,3,3
3450.0,0,0,0,0,0,0,0,0,3,3
3460.0,0,0,0,0,0,0,0,0,1,1
3470.0,0,0,0,0,0,0,0,0,1,1
3480.0,0,0,0,0,0,0,0,0,2,2
3490.0,0,0,0,0,0,0,0,0,5,5
3500.0,0,0,0,0,0,0,0,0,3,3
3510.0,0,0,0,0,0,0,0,0,0,0
3520.0,0,0,0,0,0,0,0,0,1,1
3530.0,0,0,0,0,0,0,0,0,4,4
3540.0,0,0,0,0,0,0,0,0,5,5
3550.0,0,0,0,0,0,0,0,0,3,3
3560.0,0,0,0,0,0,0,0,0,4,4
3570.0,0,0,0,0,0,0,0,0,7,7
3580.0,0,0,0,0,0,0,0,0,0,0
3590.0,0,0,0,0,0,0,0,0,5,5
3600.0,0,0,0,0,0,0,0,0,2,2
3610.0,0,0,0,0,0,0,0,0,2,2
3620.0,0,0,0,0,0,0,0,0,4,4
3630.0,0,0,0,0,0,0,0,0,3,3
3640.0,0,0,0,0,0,0,0,0,2,2
3650.0,0,0,0,0,0,0,0,0,1,1
3660.0,0,0,0,0,0,0,0,0,0,0
3670.0,0,0,0,0,0,0,0,0,2,2
3680.0,0,0,0,0,0,0,0,0,5,5
3690.0,0,0,0,0,0,0,0,0,4,4
3700.0,0,0,0,0,0,0,0,0,8,8
3710.0,0,0,0,0,0,0,0,0,6,6
3720.0,0,0,0,0,0,0,0,0,6,6
3730.0,0,0,0,0,0,0,0,0,6,6
3740.0,0,0,0,0,0,0,0,0,4,4
3750.0,0,0,0,0,0,0,0,0,3,3
3760.0,0,0,0,0,0,0,0,0,0,0
3770.0,0,0,0,0,0,0,0,0,2,2
3780.0,0,0,0,0,0,0,0,0,10,10
3790.0,0,0,0,0,0,0,0,0,5,5
3800.0,0,0,0,0,0,0,0,0,2,2
3810.0,0,0,0,0,0,0,0,0,0,0
3820.0,0,0,0,0,0,0,0,0,3,3
3830.0,0,0,0,0,0,0,0,0,3,3
3840.0,0,0,0,0,0,0,0,0,5,5
3850.0,0,0,0,0,0,0,0,0,1,1
3860.0,0,0,0,0,0,0,0,0,6,6
3870.0,0,0,0,0,0,0,0,0,1,1
3880.0,0,0,0,0,0,0,0,0,4,4
3890.0,0,0,0,0,0,0,0,0,4,4
3900.0,0,0,0,0,0,0,0,0,2,2
3910.0,0,0,0,0,0,0,0,0,3,3
3920.0,0,0,0,0,0,0,0,0,6,6
3930.0,0,0,0,0,0,0,0,0,2,2
3940.0,0,0,0,0,0,0,0,0,3,3
3950.0,0,0,0,0,0,0,0,0,9,9
3960.0,0,0,0,0,0,0,0,0,5,5
3970.0,0,0,0,0,0,0,0,0,3,3
3980.0,0,0,0,0,0,0,0,0,3,3
3990.0,0,0,0,0,0,0,0,0,2,2
4000.0,0,0,0,0,0,0,0,0,3,3
4010.0,0,0,0,0,0,0,0,0,5,5
4020.0,0,0,0,0,0,0,0,0,0,0
4030.0,0,0,0,0,0,0,0,0,5,5
4040.0,0,0,0,0,0,0,0,0,2,2
4050.0,0,0,0,0,0,0,0,0,2,2
4060.0,0,0,0,0,0,0,0,0,4,4
4070.0,0,0,0,0,0,0,0,0,3,3
4080.0,0,0,0,0,0,0,0,0,3,3
4090.0,0,0,0,0,0,0,0,0,6,6
4100.0,0,0,0,0,0,0,0,0,0,0
4110.0,0,0,0,0,0,0,0,0,3,3
4120.0,0,0,0,0,0,0,0,0,4,4
4130.0,0,0,0,0,0,0,0,0,0,0
4140.0,0,0,0,0,0,0,0,0,2,2
4150.0,0,0,0,0,0,0,0,0,1,1
4160.0,0,0,0,0,0,0,0,0,3,3
4170.0,0,0,0,0,0,0,0,0,1,1
4180.0,0,0,0,0,0,0,0,0,3,3
4190.0,0,0,0,0,0,0,0,0,2,2
4200.0,0,0,0,0,0,0,0,0,5,5
4210.0,0,0,0,0,0,0,0,0,4,4
4220.0,0,0,0,0,0,0,0,0,3,3
4230.0,0,0,0,0,0,0,0,0,4,4
4240.0,0,0,0,0,0,0,0,0,2,2
4250.0,0,0,0,0,0,0,0,0,2,2
4260.0,0,0,0,0,0,0,0,0,1,1
4270.0,0,0,0,0,0,0,0,0,4,4
4280.0,0,0,0,0,0,0,0,0,6,6
4290.0,0,0,0,0,0,0,0,0,3,3
4300.0,0,0,0,0,0,0,0,0,2,2
4310.0,0,0,0,0,0,0,0,0,5,5
4320.0,0,0,0,0,0,0,0,0,4,4
4330.0,0,0,0,0,0,0,0,0,4,4
4340.0,0,0,0,0,0,0,0,0,2,2
4350.0,0,0,0,0,0,0,0,0,2,2
4360.0,0,0,0,0,0,0,0,0,3,3
4370.0,0,0,0,0,0,0,0,0,1,1
4380.0,0,0,0,0,0,0,0,0,5,5
4390.0,0,0,0,0,0,0,0,0,5,5
4400.0,0,0,0,0,0,0,0,0,5,5
4410.0,0,0,0,0,0,0,0,0,5,5
4420.0,0,0,0,0,0,0,0,0,4,4
4430.0,0,0,0,0,0,0,0,0,5,5
4440.0,0,0,0,0,0,0,0,0,4,4
4450.0,0,0,0,0,0,0,0,0,0,0
4460.0,0,0,0,0,0,0,0,0,5,5
4470.0,0,0,0,0,0,0,0,0,2,2
4480.0,0,0,0,0,0,0,0,0,5,5
4490.0,0,0,0,0,0,0,0,0,4,4
4500.0,0,0,0,0,0,0,0,0,3,3
4510.0,0,0,0,0,0,0,0,0,5,5
4520.0,0,0,0,0,0,0,0,0,3,3
4530.0,0,0,0,0,0,0,0,0,6,6
4540.0,0,0,0,0,0,0,0,0,3,3
4550.0,0,0,0,0,0,0,0,0,4,4
4560.0,0,0,0,0,0,0,0,0,3,3
4570.0,0,0,0,0,0,0,0,0,3,3
4580.0,0,0,0,0,0,0,0,0,2,2
4590.0,0,0,0,0,0,0,0,0,5,5
4600.0,0,0,0,0,0,0,0,0,2,2
4610.0,0,0,0,0,0,0,0,0,3,3
4620.0,0,0,0,0,0,0,0,0,3,3
4630.0,0,0,0,0,0,0,0,0,6,6
4640.0,0,0,0,0,0,0,0,0,5,5
4650.0,0,0,0,0,0,0,0,0,4,4
4660.0,0,0,0,0,0,0,0,0,4,4
4670.0,0,0,0,0,0,0,0,0,1,1
4680.0,0,0,0,0,0,0,0,0,4,4
4690.0,0,0,0,0,0,0,0,0,6,6
4700.0,0,0,0,0,0,0,0,0,8,8
4710.0,0,0,0,0,0,0,0,0,5,5
4720.0,0,0,0,0,0,0,0,0,4,4
4730.0,0,0,0,0,0,0,0,0,2,2
4740.0,0,0,0,0,0,0,0,0,1,1
4750.0,0,0,0,0,0,0,0,0,3,3
4760.0,0,0,0,0,0,0,0,0,3,3
4770.0,0,0,0,0,0,0,0,0,5,5
4780.0,0,0,0,0,0,0,0,0,3,3
4790.0,0,0,0,0,0,0,0,0,3,3
4800.0,0,0,0,0,0,0,0,0,2,2
4810.0,0,0,0,0,0,0,0,0,3,3
4820.0,0,0,0,0,0,0,0,0,2,2
4830.0,0,0,0,0,0,0,0,0,1,1
4840.0,0,0,0,0,0,0,0,0,0,0
4850.0,0,0,0,0,0,0,0,0,3,3
4860.0,0,0,0,0,0,0,0,0,5,5
4870.0,0,0,0,0,0,0,0,0,3,3
4880.0,0,0,0,0,0,0,0,0,3,3
4890.0,0,0,0,0,0,0,0,0,5,5
4900.0,0,0,0,0,0,0,0,0,4,4
4910.0,0,0,0,0,0,0,0,0,5,5
4920.0,0,0,0,0,0,0,0,0,2,2
4930.0,0,0,0,0,0,0,0,0,5,5
4940.0,0,0,0,0,0,0,0,0,4,4
4950.0,0,0,0,0,0,0,0,0,6,6
4960.0,0,0,0,0,0,0,0,0,2,2
4970.0,0,0,0,0,0,0,0,0,5,5
4980.0,0,0,0,0,0,0,0,0,1,1
4990.0,0,0,0,0,0,0,0,0,4,4
5000.0,0,0,0,0,0,0,0,0,3,3
5010.0,0,0,0,0,0,0,0,0,2,2
5020.0,0,0,0,0,0,0,0,0,7,7
5030.0,0,0,0,0,0,0,0,0,1,1
5040.0,0,0,0,0,0,0,0,0,3,3
5050.0,0,0,0,0,0,0,0,0,4,4
5060.0,0,0,0,0,0,0,0,0,8,8
5070.0,0,0,0,0,0,0,0,0,5,5
5080.0,0,0,0,0,0,0,0,0,6,6
5090.0,0,0,0,0,0,0,0,0,5,5
5100.0,0,0,0,0,0,0,0,0,4,4
5110.0,0,0,0,0,0,0,0,0,6,6
5120.0,0,0,0,0,0,0,0,0,3,3
5130.0,0,0,0,0,0,0,0,0,2,2
5140.0,0,0,0,0,0,0,0,0,5,5
5150.0,0,0,0,0,0,0,0,0,6,6
5160.0,0,0,0,0,0,0,0,0,2,2
5170.0,0,0,0,0,0,0,0,0,2,2
5180.0,0,0,0,0,0,0,0,0,1,1
5190.0,0,0,0,0,0,0,0,0,8,8
5200.0,0,0,0,0,0,0,0,0,7,7
5210.0,0,0,0,0,0,0,0,0,7,7
5220.0,0,1,0,0,0,0,0,0,5,6
5230.0,0,1,0,0,0,0,0,0,4,5
5240.0,0,1,0,0,0,0,0,0,3,4
5250.0,0,0,0,0,0,0,0,0,4,4
5260.0,0,0,0,0,0,0,0,0,5,5
5270.0,0,0,0,0,0,0,0,0,3,3
5280.0,0,0,0,0,0,0,0,0,3,3
5290.0,0,0,0,0,0,0,0,0,4,4
5300.0,0,0,0,0,0,0,0,0,4,4
5310.0,0,0,0,0,0,0,0,0,0,0
5320.0,0,0,0,0,0,0,0,0,3,3
5330.0,0,0,0,0,0,0,0,0,7,7
5340.0,0,0,0,0,0,0,0,0,8,8
5350.0,0,0,0,0,0,0,0,0,2,2
5360.0,0,0,0,0,0,0,0,0,5,5
5370.0,0,0,0,0,0,0,0,0,7,7
5380.0,0,0,0,0,0,0,0,0,2,2
5390.0,0,0,0,0,0,0,0,0,0,0
5400.0,0,0,0,0,0,0,0,0,4,4
5410.0,0,0,0,0,0,0,0,0,2,2
5420.0,0,0,0,0,0,0,0,0,7,7
5430.0,0,0,0,0,0,0,0,0,6,6
5440.0,0,0,0,0,0,0,0,0,4,4
5450.0,0,0,0,0,0,0,0,0,1,1
5460.0,0,0,0,0,0,0,0,0,3,3
5470.0,0,0,0,0,0,0,0,0,3,3
5480.0,0,0,0,0,0,0,0,0,5,5
5490.0,0,0,0,0,0,0,0,0,6,6
5500.0,0,0,0,0,0,0,0,0,4,4
5510.0,0,0,0,0,0,0,0,0,4,4
5520.0,0,0,0,0,0,0,0,0,3,3
5530.0,0,0,0,0,0,0,0,0,4,4
5540.0,0,0,0,0,0,0,0,0,5,5
5550.0,0,0,0,0,0,0,0,0,4,4
5560.0,0,0,0,0,0,0,0,0,4,4
5570.0,0,0,0,0,0,0,0,0,4,4
5580.0,0,0,0,0,0,0,0,0,1,1
5590.0,0,0,0,0,0,0,0,0,4,4
5600.0,0,0,0,0,0,0,0,0,2,2
5610.0,0,0,0,0,0,0,0,0,2,2
5620.0,0,0,0,0,0,0,0,0,6,6
5630.0,0,0,0,0,0,0,0,0,3,3
5640.0,0,0,0,0,0,0,0,0,4,4
5650.0,0,0,0,0,0,0,0,0,1,1
5660.0,0,0,0,0,0,0,0,0,0,0
5670.0,0,0,0,0,0,0,0,0,2,2
5680.0,0,0,0,0,0,0,0,0,4,4
5690.0,0,0,0,0,0,0,0,0,3,3
5700.0,0,0,0,0,0,0,0,0,5,5
5710.0,0,0,0,0,0,0,0,0,4,4
5720.0,0,0,0,0,0,0,0,0,7,7
5730.0,0,0,0,0,0,0,0,0,5,5
5740.0,0,0,0,0,0,0,0,0,5,5
5750.0,0,0,0,0,0,0,0,0,5,5
5760.0,0,0,0,0,0,0,0,0,2,2
5770.0,0,0,0,0,0,0,0,0,2,2
5780.0,0,0,0,0,0,0,0,0,1,1
5790.0,0,0,0,0,0,0,0,0,3,3
5800.0,0,0,0,0,0,0,0,0,4,4
5810.0,0,0,0,0,0,0,0,0,5,5
5820.0,0,0,0,0,0,0,0,0,1,1
5830.0,0,0,0,0,0,0,0,0,3,3
5840.0,0,0,0,0,0,0,0,0,1,1
5850.0,0,0,0,0,0,0,0,0,3,3
5860.0,0,0,0,0,0,0,0,0,2,2
5870.0,0,0,0,0,0,0,0,0,3,3
5880.0,0,0,0,0,0,0,0,0,0,0
5890.0,0,0,0,0,0,0,0,0,5,5
5900.0,0,0,0,0,0,0,0,0,6,6
5910.0,0,0,0,0,0,0,0,0,5,5
5920.0,0,0,0,0,0,0,0,0,6,6
5930.0,0,0,0,0,0,0,0,0,2,2
5940.0,0,0,0,0,0,0,0,0,2,2
5950.0,0,0,0,0,0,0,0,0,4,4
5960.0,0,0,0,0,0,0,0,0,2,2
5970.0,0,0,0,0,0,0,0,0,0,0
5980.0,0,0,0,0,0,0,0,0,3,3
5990.0,0,0,0,0,0,0,0,0,3,3
6000.0,0,0,0,0,0,0,0,0,4,4
6010.0,0,0,0,0,0,0,0,0,2,2
6020.0,0,0,0,0,0,0,0,0,4,4
6030.0,0,0,0,0,0,0,0,0,6,6
6040.0,0,0,0,0,0,0,0,0,1,1
6050.0,0,0,0,0,0,0,0,0,3,3
6060.0,0,0,0,0,0,0,0,0,3,3
6070.0,0,0,0,0,0,0,0,0,2,2
6080.0,0,0,0,0,0,0,0,0,3,3
6090.0,0,0,0,0,0,0,0,0,5,5
6100.0,0,0,0,0,0,0,0,0,4,4
6110.0,0,0,0,0,0,0,0,0,4,4
6120.0,0,0,0,0,0,0,0,0,5,5
6130.0,0,0,0,0,0,0,0,0,2,2
6140.0,0,0,0,0,0,0,0,0,0,0
6150.0,0,0,0,0,0,0,0,0,1,1
6160.0,0,0,0,0,0,0,0,0,2,2
6170.0,0,0,0,0,0,0,0,0,0,0
6180.0,0,0,0,0,0,0,0,0,3,3
6190.0,0,0,0,0,0,0,0,0,4,4
6200.0,0,0,0,0,0,0,0,0,6,6
6210.0,0,0,0,0,0,0,0,0,6,6
6220.0,0,0,0,0,0,0,0,0,2,2
6230.0,0,0,0,0,0,0,0,0,2,2
6240.0,0,0,0,0,0,0,0,0,6,6
6250.0,0,0,0,0,0,0,0,0,6,6
6260.0,0,0,0,0,0,0,0,0,4,4
6270.0,0,0,0,0,0,0,0,0,3,3
6280.0,0,0,0,0,0,0,0,0,8,8
6290.0,0,0,0,0,0,0,0,0,2,2
6300.0,0,0,0,0,0,0,0,0,4,4
6310.0,0,0,0,0,0,0,0,0,4,4
6320.0,0,0,0,0,0,0,0,0,5,5
6330.0,0,0,0,0,0,0,0,0,3,3
6340.0,0,0,0,0,0,0,0,0,4,4
6350.0,0,0,0,0,0,0,0,0,5,5
6360.0,0,0,0,0,0,0,0,0,4,4
6370.0,0,0,0,0,0,0,0,0,5,5
6380.0,0,0,0,0,0,0,0,0,3,3
6390.0,0,0,0,0,0,0,0,0,3,3
6400.0,0,0,0,0,0,0,0,0,2,2
6410.0,0,0,0,0,0,0,0,0,5,5
6420.0,0,0,0,0,0,0,0,0,4,4
6430.0,0,0,0,0,0,0,0,0,6,6
6440.0,0,0,0,0,0,0,0,0,1,1
6450.0,0,0,0,0,0,0,0,0,3,3
6460.0,0,0,0,0,0,0,0,0,4,4
6470.0,0,0,0,0,0,0,0,0,5,5
6480.0,0,0,0,0,0,0,0,0,4,4
6490.0,0,0,0,0,0,0,0,0,5,5
6500.0,0,0,0,0,0,0,0,0,1,1
6510.0,0,0,0,0,0,0,0,0,4,4
6520.0,0,0,0,0,0,0,0,0,4,4
6530.0,0,0,0,0,0,0,0,0,2,2
6540.0,0,0,0,0,0,0,0,0,2,2
6550.0,0,0,0,0,0,0,0,0,4,4
6560.0,0,0,0,0,0,0,0,0,3,3
6570.0,0,0,0,0,0,0,0,0,5,5
6580.0,0,0,0,0,0,0,0,0,7,7
6590.0,0,0,0,0,0,0,0,0,6,6
6600.0,0,0,0,0,0,0,0,0,2,2
6610.0,0,0,0,0,0,0,0,0,3,3
6620.0,0,0,0,0,0,0,0,0,1,1
6630.0,0,0,0,0,0,0,0,0,1,1
6640.0,0,0,0,0,0,0,0,0,1,1
6650.0,0,0,0,0,0,0,0,0,3,3
6660.0,0,0,0,0,0,0,0,0,5,5
6670.0,0,0,0,0,0,0,0,0,4,4
6680.0,0,0,0,0,0,0,0,0,7,7
6690.0,0,0,0,0,0,0,0,0,6,6
6700.0,0,0,0,0,0,0,0,0,4,4
6710.0,0,0,0,0,0,0,0,0,6,6
6720.0,0,0,0,0,0,0,0,0,5,5
6730.0,0,0,0,0,0,0,0,0,3,3
6740.0,0,0,0,0,0,0,0,0,2,2
6750.0,0,0,0,0,0,0,0,0,4,4
6760.0,0,0,0,0,0,0,0,0,6,6
6770.0,0,0,0,0,0,0,0,0,6,6
6780.0,0,0,0,0,0,0,0,0,6,6
6790.0,0,0,0,0,0,0,0,0,2,2
6800.0,0,0,0,0,0,0,0,0,5,5
6810.0,0,0,0,0,0,0,0,0,1,1
6820.0,0,0,0,0,0,0,0,0,3,3
6830.0,0,0,0,0,0,0,0,0,4,4
6840.0,0,0,0,0,0,0,0,0,3,3
6850.0,0,0,0,0,0,0,0,0,1,1
6860.0,0,0,0,0,0,0,0,0,2,2
6870.0,0,0,0,0,0,0,0,0,2,2
6880.0,0,0,0,0,0,0,0,0,2,2
6890.0,0,0,0,0,0,0,0,0,0,0
6900.0,0,0,0,0,0,0,0,0,1,1
6910.0,0,0,0,0,0,0,0,0,4,4
6920.0,0,0,0,0,0,0,0,0,2,2
6930.0,0,0,0,0,0,0,0,0,1,1
6940.0,0,0,0,0,0,0,0,0,1,1
6950.0,0,0,0,0,0,0,0,0,3,3
6960.0,0,0,0,0,0,0,0,0,4,4
6970.0,0,0,0,0,0,0,0,0,3,3
6980.0,0,0,0,0,0,0,0,0,1,1
6990.0,0,0,0,0,0,0,0,0,4,4
7000.0,0,0,0,0,0,0,0,0,3,3
7010.0,0,0,0,0,0,0,0,0,5,5
7020.0,0,0,0,0,0,0,0,0,6,6
7030.0,0,0,0,0,0,0,0,0,5,5
7040.0,0,0,0,0,0,0,0,0,2,2
7050.0,0,0,0,0,0,0,0,0,3,3
7060.0,0,0,0,0,0,0,0,0,6,6
7070.0,0,0,0,0,0,0,0,0,5,5
7080.0,0,0,0,0,0,0,0,0,6,6
7090.0,0,0,0,0,0,0,0,0,4,4
7100.0,0,0,0,0,0,0,0,0,1,1
7110.0,0,0,0,0,0,0,0,0,4,4
7120.0,0,0,0,0,0,0,0,0,8,8
7130.0,0,0,0,0,0,0,0,0,4,4
7140.0,0,0,0,0,0,0,0,0,4,4
7150.0,0,0,0,0,0,0,0,0,4,4
7160.0,0,0,0,0,0,0,0,0,3,3
7170.0,0,0,0,0,0,0,0,0,4,4
7180.0,0,0,0,0,0,0,0,0,3,3
7190.0,0,0,0,0,0,0,0,0,1,1
7200.0,0,0,0,0,0,0,0,0,4,4
7210.0,0,0,0,0,0,0,0,0,3,3
7220.0,0,0,0,0,0,0,0,0,3,3
7230.0,0,0,0,0,0,0,0,0,3,3
7240.0,0,0,0,0,0,0,0,0,5,5
7250.0,0,0,0,0,0,0,0,0,4,4
7260.0,0,0,0,0,0,0,0,0,3,3
7270.0,0,0,0,0,0,0,0,0,1,1
7280.0,0,0,0,0,0,0,0,0,4,4
7290.0,0,0,0,0,0,0,0,0,6,6
7300.0,0,0,0,0,0,0,0,0,6,6
7310.0,0,0,0,0,0,0,0,0,2,2
7320.0,0,0,0,0,0,0,0,0,1,1
7330.0,0,0,0,0,0,0,0,0,9,9
7340.0,0,0,0,0,0,0,0,0,3,3
7350.0,0,0,0,0,0,0,0,0,2,2
7360.0,0,0,0,0,0,0,0,0,4,4
7370.0,0,0,0,0,0,0,0,0,4,4
7380.0,0,0,0,0,0,0,0,0,1,1
7390.0,0,0,0,0,0,0,0,0,4,4
7400.0,0,0,0,0,0,0,0,0,7,7
7410.0,0,0,0,0,0,0,0,0,7,7
7420.0,0,0,0,0,0,0,0,0,3,3
7430.0,0,0,0,0,0,0,0,0,6,6
7440.0,0,0,0,0,0,0,0,0,6,6
7450.0,0,0,0,0,0,0,0,0,0,0
7460.0,0,0,0,0,0,0,0,0,3,3
7470.0,0,0,0,0,0,0,0,0,4,4
7480.0,0,0,0,0,0,0,0,0,2,2
7490.0,0,0,0,0,0,0,0,0,2,2
7500.0,0,0,0,0,0,0,0,0,3,3
7510.0,0,0,0,0,0,0,0,0,3,3
7520.0,0,0,0,0,0,0,0,0,2,2
7530.0,0,0,0,0,0,0,0,0,2,2
7540.0,0,0,0,0,0,0,0,0,3,3
7550.0,0,0,0,0,0,0,0,0,5,5
7560.0,0,0,0,0,0,0,0,0,5,5
7570.0,0,0,0,0,0,0,0,0,4,4
7580.0,0,0,0,0,0,0,0,0,4,4
7590.0,0,0,0,0,0,0,0,0,5,5
7600.0,0,0,0,0,0,0,0,0,4,4
7610.0,0,0,0,0,0,0,0,0,7,7
7620.0,0,0,0,0,0,0,0,0,3,3
7630.0,0,0,0,0,0,0,0,0,2,2
7640.0,0,0,0,0,0,0,0,0,3,3
7650.0,0,0,0,0,0,0,0,0,3,3
7660.0,0,0,0,0,0,0,0,0,4,4
7670.0,0,0,0,0,0,0,0,0,3,3
7680.0,0,0,0,0,0,0,0,0,3,3
7690.0,0,0,0,0,0,0,0,0,2,2
7700.0,0,0,0,0,0,0,0,0,3,3
7710.0,0,0,0,0,0,0,0,0,2,2
7720.0,0,0,0,0,0,0,0,0,2,2
7730.0,0,0,0,0,0,0,0,0,1,1
7740.0,0,0,0,0,0,0,0,0,2,2
7750.0,0,0,0,0,0,0,0,0,3,3
7760.0,0,0,0,0,0,0,0,0,1,1
7770.0,0,0,0,0,0,0,0,0,4,4
7780.0,0,0,0,0,0,0,0,0,4,4
7790.0,0,0,0,0,0,0,0,0,4,4
7800.0,0,0,0,0,0,0,0,0,5,5
7810.0,0,0,0,0,0,0,0,0,7,7
7820.0,0,0,0,0,0,0,0,0,7,7
7830.0,0,0,0,0,0,0,0,0,4,4
7840.0,0,0,0,0,0,0,0,0,6,6
7850.0,0,0,0,0,0,0,0,0,2,2
7860.0,0,0,0,0,0,0,0,0,5,5
7870.0,0,0,0,0,0,0,0,0,2,2
7880.0,0,0,0,0,0,0,0,0,8,8
7890.0,0,0,0,0,0,0,0,0,3,3
7900.0,0,0,0,0,0,0,0,0,2,2
7910.0,0,0,0,0,0,0,0,0,2,2
7920.0,0,0,0,0,0,0,0,0,2,2
7930.0,0,0,0,0,0,0,0,0,3,3
7940.0,0,0,0,0,0,0,0,0,0,0
7950.0,0,0,0,0,0,0,0,0,7,7
7960.0,0,0,0,0,0,0,0,0,2,2
7970.0,0,0,0,0,0,0,0,0,3,3
7980.0,0,0,0,0,0,0,0,0,4,4
7990.0,0,0,0,0,0,0,0,0,3,3
8000.0,0,0,0,0,0,0,0,0,3,3
8010.0,0,0,0,0,0,0,0,0,8,8
8020.0,0,0,0,0,0,0,0,0,8,8
8030.0,0,0,0,0,0,0,0,0,7,7
8040.0,0,0,0,0,0,0,0,0,6,6
8050.0,0,0,0,0,0,0,0,0,3,3
8060.0,0,0,0,0,0,0,0,0,3,3
8070.0,0,0,0,0,0,0,0,0,4,4
8080.0,0,0,0,0,0,0,0,0,4,4
8090.0,0,0,0,0,0,0,0,0,4,4
8100.0,0,0,0,0,0,0,0,0,1,1
8110.0,0,0,0,0,0,0,0,0,1,1
8120.0,0,0,0,0,0,0,0,0,3,3
8130.0,0,0,0,0,0,0,0,0,4,4
8140.0,0,0,0,0,0,0,0,0,3,3
8150.0,0,0,0,0,0,0,0,0,1,1
8160.0,0,0,0,0,0,0,0,0,2,2
8170.0,0,0,0,0,0,0,0,0,3,3
8180.0,0,0,0,0,0,0,0,0,7,7
8190.0,0,0,0,0,0,0,0,0,3,3
8200.0,0,0,0,0,0,0,0,0,4,4
8210.0,0,0,0,0,0,0,0,0,3,3
8220.0,0,0,0,0,0,0,0,0,3,3
8230.0,0,0,0,0,0,0,0,0,5,5
8240.0,0,0,0,0,0,0,0,0,0,0
8250.0,0,0,0,0,0,0,0,0,1,1
8260.0,0,0,0,0,0,0,0,0,2,2
8270.0,0,0,0,0,0,0,0,0,2,2
8280.0,0,0,0,0,0,0,0,0,4,4
8290.0,0,0,0,0,0,0,0,0,5,5
8300.0,0,0,0,0,0,0,0,0,6,6
8310.0,0,0,0,0,0,0,0,0,2,2
8320.0,0,0,0,0,0,0,0,0,1,1
8330.0,0,0,0,0,0,0,0,0,2,2
8340.0,0,0,0,0,0,0,0,0,7,7
8350.0,0,0,0,0,0,0,0,0,2,2
8360.0,0,0,0,0,0,0,0,0,1,1
8370.0,0,0,0,0,0,0,0,0,4,4
8380.0,0,0,0,0,0,0,0,0,2,2
8390.0,0,0,0,0,0,0,0,0,5,5
8400.0,0,0,0,0,0,0,0,0,1,1
8410.0,0,0,0,0,0,0,0,0,4,4
8420.0,0,0,0,0,0,0,0,0,0,0
8430.0,0,0,0,0,0,0,0,0,4,4
8440.0,0,0,0,0,0,0,0,0,0,0
8450.0,0,0,0,0,0,0,0,0,4,4
8460.0,0,0,0,0,0,0,0,0,3,3
8470.0,0,0,0,0,0,0,0,0,1,1
8480.0,0,0,0,0,0,0,0,0,2,2
8490.0,0,0,0,0,0,0,0,0,1,1
8500.0,0,0,0,0,0,0,0,0,7,7
8510.0,0,0,0,0,0,0,0,0,7,7
8520.0,0,0,0,0,0,0,0,0,4,4
8530.0,0,0,0,0,0,0,0,0,3,3
8540.0,0,0,0,0,0,0,0,0,4,4
8550.0,0,0,0,0,0,0,0,0,7,7
8560.0,0,0,0,0,0,0,0,0,4,4
8570.0,0,0,0,0,0,0,0,0,7,7
8580.0,0,0,0,0,0,0,0,0,2,2
8590.0,0,0,0,0,0,0,0,0,2,2
8600.0,0,0,0,0,0,0,0,0,2,2
8610.0,0,0,0,0,0,0,0,0,4,4
8620.0,0,0,0,0,0,0,0,0,1,1
8630.0,0,0,0,0,0,0,0,0,1,1
8640.0,0,0,0,0,0,0,0,0,2,2
8650.0,0,0,0,0,0,0,0,0,8,8
8660.0,0,0,0,0,0,0,0,0,3,3
8670.0,0,0,0,0,0,0,0,0,3,3
8680.0,0,0,0,0,0,0,0,0,3,3
8690.0,0,0,0,0,0,0,0,0,1,1
8700.0,0,0,0,0,0,0,0,0,3,3
8710.0,0,0,0,0,0,0,0,0,5,5
8720.0,0,0,0,0,0,0,0,0,3,3
8730.0,0,0,0,0,0,0,0,0,5,5
8740.0,0,0,0,0,0,0,0,0,3,3
8750.0,0,0,0,0,0,0,0,0,4,4
8760.0,0,0,0,0,0,0,0,0,7,7
8770.0,0,0,0,0,0,0,0,0,3,3
8780.0,0,0,0,0,0,0,0,0,3,3
8790.0,0,0,0,0,0,0,0,0,2,2
8800.0,0,0,0,0,0,0,0,0,2,2
8810.0,0,0,0,0,0,0,0,0,3,3
8820.0,0,0,0,0,0,0,0,0,1,1
8830.0,0,0,0,0,0,0,0,0,6,6
8840.0,0,0,0,0,0,0,0,0,8,8
8850.0,0,0,0,0,0,0,0,0,4,4
8860.0,0,0,0,0,0,0,0,0,8,8
8870.0,0,0,0,0,0,0,0,0,4,4
8880.0,0,0,0,0,0,0,0,0,0,0
8890.0,0,0,0,0,0,0,0,0,2,2
8900.0,0,0,0,0,0,0,0,0,1,1
8910.0,0,0,0,0,0,0,0,0,3,3
8920.0,0,0,0,0,0,0,0,0,2,2
8930.0,0,0,0,0,0,0,0,0,1,1
8940.0,0,0,0,0,0,0,0,0,2,2
8950.0,0,0,0,0,0,0,0,0,0,0
8960.0,0,0,0,0,0,0,0,0,2,2
8970.0,0,0,0,0,0,0,0,0,3,3
8980.0,0,0,0,0,0,0,0,0,4,4
8990.0,0,0,0,0,0,0,0,0,2,2
9000.0,0,0,0,0,0,0,0,0,1,1
9010.0,0,0,0,0,0,0,0,0,0,0
9020.0,0,0,0,0,0,0,0,0,3,3
9030.0,0,0,0,0,0,0,0,0,2,2
9040.0,0,0,0,0,0,0,0,0,2,2
9050.0,0,0,0,0,0,0,0,0,6,6
9060.0,0,0,0,0,0,0,0,0,2,2
9070.0,0,0,0,0,0,0,0,0,4,4
9080.0,0,0,0,0,0,0,0,0,5,5
9090.0,0,0,0,0,0,0,0,0,6,6
9100.0,0,0,0,0,0,0,0,0,2,2
9110.0,0,0,0,0,0,0,0,0,4,4
9120.0,0,0,0,0,0,0,0,0,5,5
9130.0,0,0,0,0,0,0,0,0,5,5
9140.0,0,0,0,0,0,0,0,0,2,2
9150.0,0,0,0,0,0,0,0,0,3,3
9160.0,0,0,0,0,0,0,0,0,6,6
9170.0,0,0,0,0,0,0,0,0,5,5
9180.0,0,0,0,0,0,0,0,0,5,5
9190.0,0,0,0,0,0,0,0,0,2,2
9200.0,0,0,0,0,0,0,0,0,2,2
9210.0,0,0,0,0,0,0,0,0,2,2
9220.0,0,0,0,0,0,0,0,0,2,2
9230.0,0,0,0,0,0,0,0,0,3,3
9240.0,0,0,0,0,0,0,0,0,3,3
9250.0,0,0,0,0,0,0,0,0,4,4
9260.0,0,0,0,0,0,0,0,0,5,5
9270.0,0,0,0,0,0,0,0,0,2,2
9280.0,0,0,0,0,0,0,0,0,8,8
9290.0,0,0,0,0,0,0,0,0,3,3
9300.0,0,0,0,0,0,0,0,0,5,5
9310.0,0,0,0,0,0,0,0,0,4,4
9320.0,0,0,0,0,0,0,0,0,2,2
9330.0,0,0,0,0,0,0,0,0,5,5
9340.0,0,0,0,0,0,0,0,0,3,3
9350.0,0,0,0,0,0,0,0,0,0,0
9360.0,0,0,0,0,0,0,0,0,1,1
9370.0,0,0,0,0,0,0,0,0,1,1
9380.0,0,0,0,0,0,0,0,0,3,3
9390.0,0,0,0,0,0,0,0,0,1,1
9400.0,0,0,0,0,0,0,0,0,1,1
9410.0,0,0,0,0,0,0,0,0,3,3
9420.0,0,0,0,0,0,0,0,0,5,5
9430.0,0,0,0,0,0,0,0,0,4,4
9440.0,0,0,0,0,0,0,0,0,3,3
9450.0,0,0,0,0,0,0,0,0,3,3
9460.0,0,0,0,0,0,0,0,0,5,5
9470.0,0,0,0,0,0,0,0,0,6,6
9480.0,0,0,0,0,0,0,0,0,4,4
9490.0,0,0,0,0,0,0,0,0,7,7
9500.0,0,0,0,0,0,0,0,0,3,3
9510.0,0,0,0,0,0,0,0,0,7,7
9520.0,0,0,0,0,0,0,0,0,5,5
9530.0,0,0,0,0,0,0,0,0,2,2
9540.0,0,0,0,0,0,0,0,0,2,2
9550.0,0,0,0,0,0,0,0,0,3,3
9560.0,0,0,0,0,0,0,0,0,3,3
9570.0,0,0,0,0,0,0,0,0,2,2
9580.0,0,0,0,0,0,0,0,0,6,6
9590.0,0,0,0,0,0,0,0,0,10,10
9600.0,0,0,0,0,0,0,0,0,7,7
9610.0,0,0,0,0,0,0,0,0,10,10
9620.0,0,0,0,0,0,0,0,0,6,6
9630.0,0,0,0,0,0,0,0,0,2,2
9640.0,0,0,0,0,0,0,0,0,1,1
9650.0,0,0,0,0,0,0,0,0,5,5
9660.0,0,0,0,0,0,0,0,0,1,1
9670.0,0,0,0,0,0,0,0,0,2,2
9680.0,0,0,0,0,0,0,0,0,3,3
9690.0,0,0,0,0,0,0,0,0,4,4
9700.0,0,0,0,0,0,0,0,0,2,2
9710.0,0,0,0,0,0,0,0,0,1,1
9720.0,0,0,0,0,0,0,0,0,3,3
9730.0,0,0,0,0,0,0,0,0,6,6
9740.0,0,0,0,0,0,0,0,0,4,4
9750.0,0,0,0,0,0,0,0,0,6,6
9760.0,0,0,0,0,0,0,0,0,5,5
9770.0,0,0,0,0,0,0,0,0,2,2
9780.0,0,0,0,0,0,0,0,0,7,7
9790.0,0,0,0,0,0,0,0,0,1,1
9800.0,0,0,0,0,0,0,0,0,4,4
9810.0,0,0,0,0,0,0,0,0,5,5
9820.0,0,0,0,0,0,0,0,0,1,1
9830.0,0,0,0,0,0,0,0,0,0,0
9840.0,0,0,0,0,0,0,0,0,1,1
9850.0,0,0,0,0,0,0,0,0,0,0
9860.0,0,0,0,0,0,0,0,0,3,3
9870.0,0,0,0,0,0,0,0,0,3,3
9880.0,0,0,0,0,0,0,0,0,8,8
9890.0,0,0,0,0,0,0,0,0,2,2
9900.0,0,0,0,0,0,0,0,0,4,4
9910.0,0,0,0,0,0,0,0,0,3,3
9920.0,0,0,0,0,0,0,0,0,4,4
9930.0,0,0,0,0,0,0,0,0,3,3
9940.0,0,0,0,0,0,0,0,0,4,4
9950.0,0,0,0,0,0,0,0,0,3,3
9960.0,0,0,0,0,0,0,0,0,8,8
9970.0,0,0,0,0,0,0,0,0,5,5
9980.0,0,0,0,0,0,0,0,0,8,8
9990.0,0,0,0,0,0,0,0,0,6,6
10000.0,0,0,0,0,0,0,0,0,7,7
