Time,MKAKLLVLLCAFTATDADTICIGYHANNSTDTVDTVLEKNVTVTHSVNLLEDSHNGKLCRLKGIAPLQLGNCSIAGWILGNPECESLFSKESWSYIAETPNSENGTCYPGYFADYEELREQLSSVSSFERFEIFPKESSWPNHTVTKGVTAACSHNGKSSFYRNLLWLTEKNGLYPNLSKSYVNNKEKEVLVLWGVHHPSNIGDQRAIYHTENAYVSVVSSHYSRRFTPEIAKRPKVRGQEGRINYYWTLLEPGDTIIFEANGNLIAPWYAFALSRGFGSGIITSNASMDECDAKCQTPQGAINSSLPFQNVHPVTIGECPKYVRSTKLRMVTGLRNIPSVQSRGLFGAIAGFIEGGWTGMIDGWYGYHHQNEQGSGYAADQKSTQNAINGITNKVNSVIEKMNTQFTAVGKEFNKLERRMENLNKKVDDGFLDIWTYNAELLVLLENERTLDFHDSNVKNLYEKVKSQLKNNAKEIGNGCFEFYHKCNNECMESVKNGTYDYPKYSEESKLNREKIDGVKLESMGVYQILAIYSTVASSLVLLVSLGAISFWMCSNGSLQCRICI,MKAGLLVKLCAFTASDADTQCIGYHANNSTDTYDTVLEKAVTVTHSVNLLEDSHNGKLCRHKGIAPLQLGNCSIAGWIRGNPECNSAFSKESWCYIAETPNSENGTCYFGDFADIEELREQLSSVSSFERGEIFPKESSRPNHTVTKMVTAACSHNGKSSTYRNLLWQTTKNGLYPNLSKSYVNNKQKEVLVLWGLHHPSNIVDQRAIYHTENAYVWVVFSHYSRRFTPEIYKRPQVRGQELRINIYWTLLEPIDTIIFEANGILIANWIAFALSRGFGSGIITSNASMDECDAFCQHPQGAINSILPFQNVHPVTICECPKYIPSTKLRMVTGLRNRPMVQTRGLFGAIAGFIEGGATGMIDPWYGYHHRNEQGSQYAADQTSTENAINGITNKRNPVIEKMDTQFAATMKEHNKLERRMENRNKKVDDGFPVMWTYGACLLVLLENERTLDFHDSNVWNLYEKVKSQLKNNAKSIGNGDNEFYHKCNNEAMESVKNGTVDYPKYSEESKLNREKIDGVNLESMYVLQILAIYSTVASSLDLLVSLGAISFWHCSNGSLQTRICI,MKAKLLVLLCAFTATDADTICIGYHANNSTDTVDTVLEKNVTVTHSVNLLEDSHNGHLCRLKGIAPLVYGNDSIYGWIAGNPECESLFSKNSWSYIAETPNSENGTCYPCYEADYEEHRECLSSVSSFERFEIFPKESSWPNHTVFKGVNAACSHNCKSSFYRNLLWLTEKNGLYPNLSKSYYNNKEPEVLVLWGVHHQSNIGDQRAIYHTENAYVSVVSSHYSRRFTPEIAKRPKVRGQEQRENYYWTLLEPGDTIIFEANGNLIAPWYAFALSRGFGSGIPTSNAVMDECDAKCQTPQGAIKSALPFQNVHPVTIGECPKYVRSTKNRMVTGLRNIPSVQSRGLRGAIAGTIEGGWTGMIDVWQEYHHQNEQGSGEAADQKSTQNAINGLTNKVNSQIEKMNTQFTAVGKEFNKLERRMENPNKKVDDGFLDIWTYNAMLLVLLINERTLDFHDFNVKNLYEKVKSQLKNNAKEEGNGCFEFYHKCMNEHMESGKNGTYDYPKYSEESKLNREKIDGVKLESGGVYQILAIYSTVAVSLVLLVSLGAISFWMCSNGSLQCRISI,MKAKLLVLCCAFTATDADTICIGYHANNSTDTVDFVLEKKVTVEHSVNQLEDSPNGKLCRLQGIAPLQSGNCSIAGWILGVPEIESLFNKESWSYIAETPHSENGTCYPGYFADYHELQEQLSSVSSLERFEIFPKESSLHNLTVTKGDTAECSHTGFRSFYRILLWLTEKNGLYPNLSKSYVNNKEKEVLVLWGVHHPSNIGDQRAIYSTENAYGSVTSSHYSRRFTPEIAKRPKVRGQEGRINYYGTLLEEGDTIDFEANGMLIAPWYAFALSRGFGSGAIQSNASMDECDRKCQQPQGAINESLPLQGVHPVTIGECPKYVQSTKGRMVANLRNIPSVQSRGYQVGIAEFIEGGWTGMIDVWYGYHHQECQGSQYCADNKSTQNAINGITNKVNSVIEKMNTQFTAVGKEFNKLERRMENLNKKVDSGFLDIWTYNAELLVLLENERTLDFHDSNVKNLYEKAKSQLKNNAKEIGNGCFEFYIKCNNECMESPQNGQYGYPKGSEESKLNREKIDGVKLESMGVYQILAIYSTVASSLVLLRSFGAISFWMFSNGSLQCRICV,MKTKLLVKLCAFTATDADDQCIGYHANNETDTVDTVLEKCVTVTHSVNLLEDSHFGKLCRHKGRAPLQLGNCSIAWWILGNPICNSAFSKTSWCYIAETPNSENGTCYPGDTAPYGELKEQLSSVSSFIRGEIFPKESSPPNHHVTDSVTAACSHNGVSSFYRNLLWLTTKNGFYPNLSKSYVNNKQKEVLVLWGLHHPSNIVDQRAIGHTENAYVSVVFSHYSRRFTPEIYKRPKVRGQEGRINYYWTLLEPIDTIIFEANGILIAPFYAFALSRSFGSGIITSNASMDECDSKCQHPQGAINSSLPFQNSHPVTIGECPKYVHSTKLRMVTGLRNIKMVQTRGLFGAIAGFIEGGATGMIDGMYGYHHQNEQGSGYAADQTSTENAINGITNKVNPVIEKMNEQFAAVGYEFNKLERRMENLNKKVDDVFQDIWTYNAELIVLLENERTLDCHDSNVWNLYEGVKSQFKNNAKEIGNGCFEFYHKCNNEEMESVKNGTVDYPKYSEESKLNREKIDGVNLISMGVYQILRIISTVASPLDLLVSLGAISFWMCSNRSLQTRICI,MTAKLLVLLCAFTATDADTICIGYHANNKTDTVITVLEKNSYVRHSQNLLEDSHNGKFPRLNGIAPLVLGNCSIAGWIIGNPECKDHFSKEGWRWIAEEPNSENGTWYKCYFADLEEDREQLSSVSSFEVKEAFPKESLWPMHTVFSGVTAACSHNCKSSFWRNLLWLTEKNGLYPNGSYSCVNNKEKEVLCHWGVHSPSNIGDQRAIYHYENAYVSVVSSMYSRYFTPEIRNYPKVRGQEGRINYGWTLLEPGDTIICEANVNLIAPWLAFALSRGFGSFIPTSNAVMDECDAKCQTCQGAQNSSVPFQNVDPVKIGECPKYVRSTKNRMVTGLRNIPDVNSRALFWAIAGGWEGCWTGMTNVWDEYHHQWEQGSGEAAAQKSTQNAINGDHNVVNSVIEKMNTTFTAWGKEFNKLERRMENLNKKVDAGFLDIWTYNSENLVLLINDRGLDFHWWNPKNLYEKVKSQLPNNAKMIGNGEFEFYHKCNNTHMASVKNGTYDYPKYFEESKLCRMKIKGVKLESTGVYQILAIYSTVAVSLCLSVSLAAISFWMCSNPSLQCRICI,MKAKLLVLLCAFTATDADTICIGYHANNSTDTVDTVLEKNVTVTHSVNLLEDSHNGKLCRLKGIAPLVLGNCSIYGWIIGNPECESLFSKESWSYIAETPNSENGTCYPCYFADYEEHRECLSSVSSFERFEIFPKESSWPNHTVFKGVTAACSHNCKSSFYRNLLWLTEKNGLYPNLSKSYYNNKEPEVLVLWGVHHPSNIGDQRAIYHTENAYVSVVSSHYSRRFTPEIAKRPKVRGQEQRINYYWTLLEPGDTIIFEANGNLIAPWYAFALSRGFGSGIPTSNAVMDECDAKCQTPQGAINSSLPFQNVHPVTIGECPKYVRSTKNRMVTGLRNIPSVQSRGLRGAIAGTIEGGWTGMIDVWQEYHHQNEQGSGEAADQKSTQNAINGLTNKVNSVIEKMNTQFTAVGKEFNKLERRMENPNKKVDDGFLDIWTYNAMLLVLLINERTLDFHDFNVKNLYEKVKSQLKNNAKEIGNGCFEFYHKCNNEHMESVKNGTYDYPKYSEESKLNREKIDGVKLESMGVYQILAIYSTVAVSLVLLVSLGAISFWMCSNGSLQCRICI,MKAKLLVKLCAFTVTDADTQCIGYHANNSTDTVDTVLEKCVTVTHSVNLLEDSHNGKLCRVKGIAPLQLGNCSIAGWILGNPECNSAFSKESWCYIAETPNSENGNCYPGYTMDYEELREQLSSVSSFERFEIFPKESSRPNHTVTKGVTAACSHNGKVSFYRNLLWLTTKNGLYPNLSKSYVNNKEKEVLVLWGLHHPSNIVDQRAIYHTENAYVSVVFSHYGRRFTPEIYKRPKVRGQEGRINYYWTLLEPIDTIIFEANGILLAPWYAFALSRGFGSGIITSNASMDECDAKCQHPQGAINSSLPFQNVHPVTIGECPKYVHSTKLRMVTGLRNIPMVQTRGLFGAIAGFIEGGATGMIDVWYGYHHQNEQGSGYAADQTSTQNAINGITNKVNSVIEKMNTQFAMVGKEFTKLLRRMENLNKKVDDGFPDIWTYNAELLDLLENERTLIFHDSNVWNLYEKVKSQLKNNAKEIGNGCFEFYHKCNNEAMESVKNGTYDYPKYLEESKNNREKIDGVNLESMGVYQILAIYSTVASSLDLLVSLGAISFSMCSNGSLQTRICI,Other,Total
0.0,186,0,0,0,0,0,0,0,0,186
10.0,185,0,0,0,0,0,0,0,0,185
20.0,174,0,0,0,0,0,0,0,0,174
30.0,168,0,0,0,0,0,0,0,0,168
40.0,163,0,0,0,0,0,0,0,0,163
50.0,154,0,0,0,0,0,0,0,0,154
60.0,150,0,0,0,0,0,0,0,0,150
70.0,142,0,0,0,0,0,0,0,0,142
80.0,135,0,0,0,0,0,0,0,0,135
90.0,132,0,0,0,0,0,0,0,0,132
100.0,130,0,0,0,0,0,0,0,0,130
110.0,127,0,0,0,0,0,0,0,0,127
120.0,123,0,0,0,0,0,0,0,2,125
130.0,122,0,0,0,0,0,0,0,5,127
140.0,120,0,0,0,0,0,0,0,17,137
150.0,114,0,0,0,0,0,0,0,44,158
160.0,111,0,0,0,0,0,0,0,56,167
170.0,105,0,0,0,0,0,0,0,71,176
180.0,102,0,0,0,0,0,0,0,86,188
190.0,96,0,0,0,0,0,0,0,85,181
200.0,92,0,0,0,0,0,0,0,86,178
210.0,89,0,0,0,0,0,0,0,85,174
220.0,84,0,0,0,0,0,0,0,86,170
230.0,82,0,0,0,0,0,0,0,83,165
240.0,82,0,0,0,0,0,0,0,80,162
250.0,81,0,0,0,0,0,0,0,82,163
260.0,81,0,0,0,0,0,0,0,81,162
270.0,78,0,0,0,0,0,0,0,80,158
280.0,75,0,0,0,0,0,0,0,80,155
290.0,70,0,0,0,0,0,0,0,88,158
300.0,66,0,0,0,0,0,0,0,93,159
310.0,63,0,0,0,0,0,0,0,94,157
320.0,58,0,0,0,0,0,0,0,101,159
330.0,54,0,0,0,0,0,0,0,104,158
340.0,53,0,0,0,0,0,0,0,107,160
350.0,51,0,0,0,0,0,0,0,112,163
360.0,49,0,0,0,0,0,0,0,110,159
370.0,47,0,0,0,0,0,0,0,106,153
380.0,43,0,0,0,0,0,0,0,105,148
390.0,41,0,0,0,0,0,0,0,101,142
400.0,41,0,0,0,0,0,0,0,104,145
410.0,40,0,0,0,0,0,0,0,101,141
420.0,39,0,0,0,0,0,0,0,107,146
430.0,37,0,0,0,0,0,0,0,107,144
440.0,35,0,0,0,0,0,0,0,110,145
450.0,35,0,0,0,0,0,0,0,117,152
460.0,34,0,0,0,0,0,0,0,127,161
470.0,31,0,0,0,0,0,0,0,138,169
480.0,30,0,0,0,0,0,0,0,143,173
490.0,30,0,0,0,0,0,0,0,145,175
500.0,30,0,0,0,0,0,0,0,145,175
510.0,30,0,0,0,0,0,0,0,144,174
520.0,28,0,0,0,0,0,0,0,142,170
530.0,28,0,0,0,0,0,0,0,146,174
540.0,27,0,0,0,0,0,0,0,147,174
550.0,26,0,0,0,0,0,0,0,148,174
560.0,24,0,0,0,0,0,0,0,156,180
570.0,24,0,0,0,0,0,0,0,154,178
580.0,24,0,0,0,0,0,0,0,158,182
590.0,24,0,0,0,0,0,0,0,154,178
600.0,23,0,0,0,0,0,0,0,147,170
610.0,23,0,0,0,0,0,0,0,147,170
620.0,23,0,0,0,0,0,0,0,146,169
630.0,23,0,0,0,0,0,0,0,147,170
640.0,21,0,0,0,0,0,0,0,150,171
650.0,21,0,0,0,0,0,0,0,153,174
660.0,20,0,0,0,0,0,0,0,153,173
670.0,20,0,0,0,0,0,0,0,156,176
680.0,19,0,0,0,0,0,0,0,155,174
690.0,18,0,0,0,0,0,0,0,156,174
700.0,18,0,0,0,0,0,0,0,160,178
710.0,16,0,0,0,0,0,0,0,160,176
720.0,15,0,0,0,0,0,0,0,163,178
730.0,15,0,0,0,0,0,0,0,163,178
740.0,14,0,0,0,0,0,0,0,165,179
750.0,14,0,0,0,0,0,0,0,165,179
760.0,14,0,0,0,0,0,0,0,155,169
770.0,14,0,0,0,0,0,0,0,153,167
780.0,14,0,0,0,0,0,0,0,154,168
790.0,14,0,0,0,0,0,0,0,160,174
800.0,14,0,0,0,0,0,0,0,166,180
810.0,14,0,0,0,0,0,0,0,164,178
820.0,14,0,0,0,0,0,0,0,173,187
830.0,13,0,0,0,0,0,0,0,170,183
840.0,12,0,0,0,0,0,0,0,173,185
850.0,12,0,0,0,0,0,0,0,173,185
860.0,12,0,0,0,0,0,0,0,173,185
870.0,12,0,0,0,0,0,0,0,171,183
880.0,12,0,0,0,0,0,0,0,169,181
890.0,12,0,0,0,0,0,0,0,172,184
900.0,12,0,0,0,0,0,0,0,167,179
910.0,12,0,0,0,0,0,0,0,172,184
920.0,12,0,0,0,0,0,0,0,163,175
930.0,12,0,0,0,0,0,0,0,154,166
940.0,12,0,0,0,0,0,0,0,158,170
950.0,12,0,0,0,0,0,0,0,160,172
960.0,12,0,0,0,0,0,0,0,162,174
970.0,12,0,0,0,0,0,0,0,161,173
980.0,11,0,0,0,0,0,0,0,167,178
990.0,11,0,0,0,0,0,0,0,170,181
1000.0,11,0,0,0,0,0,0,0,176,187
1010.0,11,0,0,0,0,0,0,0,170,181
1020.0,11,0,0,0,0,0,0,0,161,172
1030.0,11,0,0,0,0,0,0,0,161,172
1040.0,11,0,0,0,0,0,0,0,166,177
1050.0,10,0,0,0,0,0,0,0,161,171
1060.0,10,0,0,0,0,0,0,0,161,171
1070.0,10,0,0,0,0,0,0,0,164,174
1080.0,10,0,0,0,0,0,0,0,167,177
1090.0,9,0,0,0,0,0,0,0,172,181
1100.0,8,0,0,0,0,0,0,0,174,182
1110.0,8,0,0,0,0,0,0,0,171,179
1120.0,7,0,0,0,0,0,0,0,179,186
1130.0,7,0,0,0,0,0,0,0,179,186
1140.0,6,0,0,0,0,0,0,0,174,180
1150.0,6,0,0,0,0,0,0,0,182,188
1160.0,6,0,0,0,0,0,0,0,180,186
1170.0,6,0,0,0,0,0,0,0,184,190
1180.0,6,0,0,0,0,0,0,0,183,189
1190.0,6,0,0,0,0,0,0,0,187,193
1200.0,6,0,0,0,0,0,0,0,186,192
1210.0,6,0,0,0,0,0,0,0,191,197
1220.0,6,0,0,0,0,0,0,0,193,199
1230.0,6,0,0,0,0,0,0,0,199,205
1240.0,6,0,0,0,0,0,0,0,203,209
1250.0,6,0,0,0,0,0,0,0,198,204
1260.0,6,0,0,0,0,0,0,0,200,206
1270.0,6,0,0,0,0,0,0,0,196,202
1280.0,6,0,0,0,0,0,0,0,202,208
1290.0,6,0,0,0,0,0,0,0,202,208
1300.0,5,0,0,0,0,0,0,0,199,204
1310.0,5,0,0,0,0,0,0,0,193,198
1320.0,5,0,0,0,0,0,0,0,193,198
1330.0,5,0,0,0,0,0,0,0,189,194
1340.0,4,0,0,0,0,0,0,0,193,197
1350.0,4,0,0,0,0,0,0,0,194,198
1360.0,4,0,0,0,0,0,0,0,193,197
1370.0,4,0,0,0,0,0,0,0,189,193
1380.0,3,0,0,0,0,0,0,0,190,193
1390.0,3,0,0,0,0,0,0,0,196,199
1400.0,3,0,0,0,0,0,0,0,196,199
1410.0,3,0,0,0,0,0,0,0,197,200
1420.0,3,0,0,0,0,0,0,0,196,199
1430.0,3,0,0,0,0,0,0,0,192,195
1440.0,3,0,0,0,0,0,0,0,190,193
1450.0,3,0,0,0,0,0,0,0,195,198
1460.0,3,0,0,0,0,0,0,0,197,200
1470.0,3,0,0,0,0,0,0,0,194,197
1480.0,3,0,0,0,0,0,0,0,196,199
1490.0,3,0,0,0,0,0,0,0,201,204
1500.0,3,0,0,0,0,0,0,0,201,204
1510.0,3,0,0,0,0,0,0,0,201,204
1520.0,3,0,0,0,0,0,0,0,200,203
1530.0,3,0,0,0,0,0,0,0,199,202
1540.0,2,0,0,0,0,0,0,0,203,205
1550.0,2,0,0,0,0,0,0,0,205,207
1560.0,2,0,0,0,0,0,0,0,204,206
1570.0,2,0,0,0,0,0,0,0,203,205
1580.0,2,0,0,0,0,0,0,0,204,206
1590.0,2,0,0,0,0,0,0,0,202,204
1600.0,2,0,0,0,0,0,0,0,197,199
1610.0,2,0,0,0,0,0,0,0,199,201
1620.0,2,0,0,0,0,0,0,0,201,203
1630.0,2,0,0,0,0,0,0,0,194,196
1640.0,2,0,0,0,0,0,0,0,195,197
1650.0,2,0,0,0,0,0,0,0,194,196
1660.0,2,0,0,0,0,0,0,0,198,200
1670.0,2,0,0,0,0,0,0,0,201,203
1680.0,2,0,0,0,0,0,0,0,204,206
1690.0,2,0,0,0,0,0,0,0,207,209
1700.0,2,0,0,0,0,0,0,0,200,202
1710.0,2,0,0,0,0,0,0,0,202,204
1720.0,2,0,0,0,0,0,0,0,198,200
1730.0,2,0,0,0,0,0,0,0,204,206
1740.0,2,0,0,0,0,0,0,0,204,206
1750.0,2,0,0,0,0,0,0,0,204,206
1760.0,2,0,0,0,0,0,0,0,192,194
1770.0,1,0,0,0,0,0,0,0,189,190
1780.0,1,0,0,0,0,0,0,0,188,189
1790.0,1,0,0,0,0,0,0,0,179,180
1800.0,1,0,0,0,0,0,0,0,181,182
1810.0,1,0,0,0,0,0,0,0,177,178
1820.0,1,0,0,0,0,0,0,0,173,174
1830.0,1,0,0,0,0,0,0,0,177,178
1840.0,1,0,0,0,0,0,0,0,179,180
1850.0,1,0,0,0,0,0,0,0,181,182
1860.0,1,0,0,0,0,0,0,0,184,185
1870.0,1,0,0,0,0,0,0,0,187,188
1880.0,1,0,0,0,0,0,0,0,185,186
1890.0,1,0,0,0,0,0,0,0,183,184
1900.0,1,0,0,0,0,0,0,0,185,186
1910.0,1,0,0,0,0,0,0,0,184,185
1920.0,1,0,0,0,0,0,0,0,184,185
1930.0,1,0,0,0,0,0,0,0,185,186
1940.0,1,0,0,0,0,0,0,0,183,184
1950.0,1,0,0,0,0,0,0,0,180,181
1960.0,1,0,0,0,0,0,0,0,189,190
1970.0,1,0,0,0,0,0,0,0,192,193
1980.0,1,0,0,0,0,0,0,0,198,199
1990.0,1,0,0,0,0,0,0,0,198,199
2000.0,0,0,0,0,0,0,0,0,198,198
2010.0,0,0,0,0,0,0,0,0,199,199
2020.0,0,0,0,0,0,0,0,0,196,196
2030.0,0,0,0,0,0,0,0,0,193,193
2040.0,0,0,0,0,0,0,0,0,192,192
2050.0,0,0,0,0,0,0,0,0,196,196
2060.0,0,0,0,0,0,0,0,0,198,198
2070.0,0,0,0,0,0,0,0,0,193,193
2080.0,0,0,0,0,0,0,0,0,187,187
2090.0,0,0,0,0,0,0,0,0,188,188
2100.0,0,0,0,0,0,0,0,0,183,183
2110.0,0,0,0,0,0,0,0,0,180,180
2120.0,0,0,0,0,0,0,0,0,182,182
2130.0,0,0,0,0,0,0,0,0,185,185
2140.0,0,0,0,0,0,0,0,0,191,191
2150.0,0,0,0,0,0,0,0,0,194,194
2160.0,0,0,0,0,0,0,0,0,193,193
2170.0,0,0,0,0,0,0,1,0,189,190
2180.0,0,0,0,0,0,0,1,0,182,183
2190.0,0,0,0,0,0,0,1,0,182,183
2200.0,0,0,0,0,0,0,1,0,184,185
2210.0,0,0,0,0,0,0,1,0,186,187
2220.0,0,0,0,0,0,0,1,0,192,193
2230.0,0,0,0,0,0,0,1,0,196,197
2240.0,0,0,0,0,0,0,1,0,198,199
2250.0,0,0,0,0,0,0,1,0,197,198
2260.0,0,0,0,0,0,0,1,0,204,205
2270.0,0,0,0,0,0,0,1,0,196,197
2280.0,0,0,0,0,0,0,1,0,196,197
2290.0,0,0,0,0,0,0,0,0,204,204
2300.0,0,0,0,0,0,0,0,0,206,206
2310.0,0,0,0,0,0,0,0,0,210,210
2320.0,0,0,0,0,0,0,0,0,214,214
2330.0,0,0,0,0,0,0,0,0,214,214
2340.0,0,0,0,0,0,0,0,0,218,218
2350.0,0,0,0,0,0,0,0,0,226,226
2360.0,0,0,0,0,0,0,0,0,228,228
2370.0,0,0,0,0,0,0,0,0,218,218
2380.0,0,0,0,0,0,0,0,0,215,215
2390.0,0,0,0,0,0,0,0,0,212,212
2400.0,0,0,0,0,0,0,0,0,214,214
2410.0,0,0,0,0,0,0,0,0,216,216
2420.0,0,0,0,0,0,0,0,0,217,217
2430.0,0,0,0,0,0,0,0,0,214,214
2440.0,0,0,0,0,0,0,0,0,215,215
2450.0,0,0,0,0,0,0,0,0,205,205
2460.0,0,0,0,0,0,0,0,0,208,208
2470.0,0,0,0,0,0,0,0,0,210,210
2480.0,0,0,0,0,0,0,0,0,208,208
2490.0,0,0,0,0,0,0,0,0,208,208
2500.0,0,0,0,0,0,0,0,0,210,210
2510.0,0,0,0,0,0,0,0,0,205,205
2520.0,0,0,0,0,0,0,0,0,195,195
2530.0,0,0,0,0,0,0,0,0,195,195
2540.0,0,0,0,0,0,0,0,0,203,203
2550.0,0,0,0,0,0,0,0,0,203,203
2560.0,0,0,0,0,0,0,0,0,202,202
2570.0,0,0,0,0,0,0,0,0,202,202
2580.0,0,0,0,0,0,0,0,0,199,199
2590.0,0,0,0,0,0,0,0,0,205,205
2600.0,0,0,0,0,0,0,0,0,209,209
2610.0,0,0,0,0,0,0,0,0,202,202
2620.0,0,0,0,0,0,0,0,0,206,206
2630.0,0,0,0,0,0,0,0,0,206,206
2640.0,0,0,0,0,0,0,0,0,204,204
2650.0,0,0,0,0,0,0,0,0,199,199
2660.0,0,0,0,0,0,0,0,0,197,197
2670.0,0,0,0,0,0,0,0,0,195,195
2680.0,0,0,0,0,0,0,0,0,194,194
2690.0,0,0,0,0,0,0,0,0,199,199
2700.0,0,0,0,0,0,0,0,0,204,204
2710.0,0,0,0,0,0,0,0,0,215,215
2720.0,0,0,0,0,0,0,0,0,217,217
2730.0,0,0,0,0,0,0,0,0,218,218
2740.0,0,0,0,0,0,0,0,0,212,212
2750.0,0,0,0,0,0,0,0,0,206,206
2760.0,0,0,0,0,0,0,0,0,205,205
2770.0,0,0,0,0,0,0,0,0,201,201
2780.0,0,0,0,0,0,0,0,0,204,204
2790.0,0,0,0,0,0,0,0,0,204,204
2800.0,0,0,0,0,0,0,0,1,207,208
2810.0,0,0,0,0,0,0,0,1,205,206
2820.0,0,0,0,0,0,0,0,1,199,200
2830.0,0,0,0,0,0,0,0,1,199,200
2840.0,0,0,0,0,0,0,0,1,197,198
2850.0,0,0,0,0,0,0,0,1,194,195
2860.0,0,0,0,0,0,0,0,1,190,191
2870.0,0,0,0,0,0,0,0,1,191,192
2880.0,0,0,0,0,0,0,0,1,196,197
2890.0,0,0,0,0,0,0,0,1,193,194
2900.0,0,0,0,0,0,0,0,0,196,196
2910.0,0,0,0,0,0,0,0,0,200,200
2920.0,0,0,0,0,0,0,0,0,209,209
2930.0,0,0,0,0,0,0,0,0,207,207
2940.0,0,0,0,0,0,0,0,0,213,213
2950.0,0,0,0,0,0,0,0,0,211,211
2960.0,0,0,0,0,0,0,0,0,212,212
2970.0,0,0,0,0,0,0,0,0,209,209
2980.0,0,0,0,0,0,0,0,0,213,213
2990.0,0,0,0,0,0,0,0,0,212,212
3000.0,0,0,0,0,0,0,0,0,211,211
3010.0,0,0,0,0,0,0,0,0,213,213
3020.0,0,0,0,0,0,0,0,0,207,207
3030.0,0,0,0,0,0,0,0,0,201,201
3040.0,0,0,0,0,0,0,0,0,208,208
3050.0,0,0,0,0,0,0,0,0,207,207
3060.0,0,0,0,0,0,0,0,0,212,212
3070.0,0,0,0,0,0,0,0,0,211,211
3080.0,0,0,0,0,0,0,0,0,211,211
3090.0,0,0,0,0,0,0,0,0,210,210
3100.0,0,0,0,0,0,0,0,0,209,209
3110.0,0,0,0,0,0,0,0,0,207,207
3120.0,0,0,0,0,0,0,0,0,203,203
3130.0,0,0,0,0,0,0,0,0,204,204
3140.0,0,0,0,0,0,0,0,0,209,209
3150.0,0,0,0,0,0,0,0,0,209,209
3160.0,0,0,0,0,0,0,0,0,212,212
3170.0,0,0,0,0,0,0,0,0,217,217
3180.0,0,0,0,0,0,0,0,0,220,220
3190.0,0,0,0,0,0,0,0,0,214,214
3200.0,0,0,0,0,0,0,0,0,203,203
3210.0,0,0,0,0,0,0,0,0,204,204
3220.0,0,0,0,0,0,0,0,0,201,201
3230.0,0,0,0,0,0,0,0,0,203,203
3240.0,0,0,0,0,0,0,0,0,201,201
3250.0,0,0,0,0,0,0,0,0,204,204
3260.0,0,0,0,0,0,0,0,0,205,205
3270.0,0,0,0,0,0,0,0,0,208,208
3280.0,0,0,0,0,0,0,0,0,214,214
3290.0,0,0,0,0,0,0,0,0,221,221
3300.0,0,0,0,0,0,0,0,0,215,215
3310.0,0,0,0,0,0,0,0,0,207,207
3320.0,0,0,0,0,0,0,0,0,201,201
3330.0,0,0,0,0,0,0,0,0,202,202
3340.0,0,0,0,0,0,0,0,0,194,194
3350.0,0,0,0,0,0,0,0,0,198,198
3360.0,0,0,0,0,0,0,0,0,192,192
3370.0,0,0,0,0,0,0,0,0,191,191
3380.0,0,0,0,0,0,0,0,0,201,201
3390.0,0,0,0,0,0,0,0,0,198,198
3400.0,0,0,0,0,0,0,0,0,201,201
3410.0,0,0,0,0,0,0,0,0,201,201
3420.0,0,0,0,0,0,0,0,0,200,200
3430.0,0,0,0,0,0,0,0,0,211,211
3440.0,0,0,0,0,0,0,0,0,211,211
3450.0,0,0,0,0,0,0,0,0,214,214
3460.0,0,0,0,0,0,0,0,0,212,212
3470.0,0,0,0,0,0,0,0,0,208,208
3480.0,0,0,1,0,0,0,0,0,209,210
3490.0,0,0,1,0,0,0,0,0,207,208
3500.0,0,0,1,0,0,0,0,0,204,205
3510.0,0,0,1,0,0,0,0,0,200,201
3520.0,0,0,1,0,0,0,0,0,197,198
3530.0,0,0,1,0,0,0,0,0,196,197
3540.0,0,0,1,0,0,0,0,0,192,193
3550.0,0,0,1,0,0,0,0,0,197,198
3560.0,0,0,0,0,0,0,0,0,194,194
3570.0,0,0,0,0,0,0,0,0,201,201
3580.0,0,0,0,0,0,0,0,0,212,212
3590.0,0,0,0,0,0,0,0,0,214,214
3600.0,0,0,0,0,0,0,0,0,217,217
3610.0,0,0,0,0,0,0,0,0,218,218
3620.0,0,0,0,0,0,0,0,0,218,218
3630.0,0,0,0,0,0,0,0,0,221,221
3640.0,0,0,0,0,0,0,0,0,223,223
3650.0,0,0,0,0,0,0,0,0,214,214
3660.0,0,0,0,0,0,0,0,0,213,213
3670.0,0,0,0,0,0,0,0,0,210,210
3680.0,0,0,0,0,0,0,0,0,199,199
3690.0,0,0,0,0,0,0,0,0,197,197
3700.0,0,0,0,0,0,0,0,0,192,192
3710.0,0,0,0,0,0,0,0,0,199,199
3720.0,0,0,0,0,0,0,0,0,204,204
3730.0,0,0,0,0,0,0,0,0,206,206
3740.0,0,0,0,0,0,0,0,0,211,211
3750.0,0,0,0,0,0,0,0,0,208,208
3760.0,0,0,0,0,0,0,0,0,210,210
3770.0,0,0,0,0,0,0,0,0,207,207
3780.0,0,0,0,0,0,0,0,0,206,206
3790.0,0,0,0,0,0,0,0,0,209,209
3800.0,0,0,0,0,0,0,0,0,217,217
3810.0,0,0,0,0,0,0,0,0,210,210
3820.0,0,0,0,0,0,0,0,0,206,206
3830.0,0,0,0,0,0,0,0,0,206,206
3840.0,0,0,0,0,0,0,0,0,206,206
3850.0,0,0,0,0,0,0,0,0,213,213
3860.0,0,0,0,0,0,0,0,0,211,211
3870.0,0,0,0,0,0,0,0,0,216,216
3880.0,0,0,0,0,0,0,0,0,220,220
3890.0,0,0,0,0,0,0,0,0,220,220
3900.0,0,0,0,0,0,0,0,0,219,219
3910.0,0,0,0,0,0,0,0,0,218,218
3920.0,0,0,0,0,0,0,0,0,219,219
3930.0,0,0,0,0,0,0,0,0,222,222
3940.0,0,0,0,0,0,0,0,0,219,219
3950.0,0,0,0,0,0,0,0,0,217,217
3960.0,0,0,0,0,0,0,0,0,224,224
3970.0,0,0,0,0,0,0,0,0,219,219
3980.0,0,0,0,0,0,0,0,0,214,214
3990.0,0,0,0,0,0,0,0,0,211,211
4000.0,0,0,0,0,0,0,0,0,203,203
4010.0,0,0,0,0,0,0,0,0,200,200
4020.0,0,0,0,0,0,0,0,0,201,201
4030.0,0,0,0,0,0,0,0,0,199,199
4040.0,0,0,0,0,0,0,0,0,201,201
4050.0,0,0,0,0,0,0,0,0,199,199
4060.0,0,0,0,0,0,0,0,0,195,195
4070.0,0,0,0,0,0,0,0,0,195,195
4080.0,0,0,0,0,0,0,0,0,196,196
4090.0,0,0,0,0,0,0,0,0,193,193
4100.0,0,0,0,0,0,0,0,0,199,199
4110.0,0,0,0,0,0,0,0,0,194,194
4120.0,0,0,0,0,0,0,0,0,193,193
4130.0,0,0,0,0,0,0,0,0,199,199
4140.0,0,0,0,0,0,0,0,0,199,199
4150.0,0,0,0,0,0,0,0,0,202,202
4160.0,0,0,0,0,0,0,0,0,205,205
4170.0,0,0,0,0,0,0,0,0,201,201
4180.0,0,0,0,0,0,0,0,0,193,193
4190.0,0,0,0,0,0,0,0,0,196,196
4200.0,0,0,0,1,0,0,0,0,199,200
4210.0,0,0,0,1,0,0,0,0,199,200
4220.0,0,0,0,1,0,0,0,0,203,204
4230.0,0,0,0,1,0,0,0,0,203,204
4240.0,0,0,0,1,0,0,0,0,207,208
4250.0,0,0,0,2,0,0,0,0,208,210
4260.0,0,0,0,2,0,0,0,0,213,215
4270.0,0,0,0,2,0,0,0,0,216,218
4280.0,0,0,0,2,0,0,0,0,215,217
4290.0,0,0,0,2,0,0,0,0,218,220
4300.0,0,0,0,2,0,0,0,0,213,215
4310.0,0,0,0,2,0,0,0,0,213,215
4320.0,0,0,0,2,0,0,0,0,209,211
4330.0,0,0,0,2,0,0,0,0,204,206
4340.0,0,0,0,2,0,0,0,0,203,205
4350.0,0,0,0,2,0,0,0,0,203,205
4360.0,0,0,0,2,0,0,0,0,200,202
4370.0,0,0,0,2,0,0,0,0,200,202
4380.0,0,0,0,2,0,0,0,0,200,202
4390.0,0,0,0,2,0,0,0,0,202,204
4400.0,0,0,0,2,0,0,0,0,202,204
4410.0,0,0,0,2,0,0,0,0,200,202
4420.0,0,0,0,2,0,0,0,0,202,204
4430.0,0,0,0,2,0,0,0,0,208,210
4440.0,0,0,0,2,0,0,0,0,211,213
4450.0,0,0,0,2,0,0,0,0,212,214
4460.0,0,0,0,2,0,0,0,0,208,210
4470.0,0,0,0,2,0,0,0,0,210,212
4480.0,0,0,0,2,0,0,0,0,208,210
4490.0,0,0,0,2,0,0,0,0,207,209
4500.0,0,0,0,2,0,0,0,0,205,207
4510.0,0,0,0,2,0,0,0,0,207,209
4520.0,0,0,0,2,0,0,0,0,211,213
4530.0,0,0,0,2,0,0,0,0,209,211
4540.0,0,0,0,2,0,0,0,0,211,213
4550.0,0,0,0,2,0,0,0,0,208,210
4560.0,0,0,0,2,0,0,0,0,205,207
4570.0,0,0,0,2,0,0,0,0,200,202
4580.0,0,0,0,2,0,0,0,0,201,203
4590.0,0,0,0,1,0,0,0,0,199,200
4600.0,0,0,0,1,0,0,0,0,195,196
4610.0,0,0,0,1,0,0,0,0,198,199
4620.0,0,0,0,1,0,0,0,0,196,197
4630.0,0,0,0,1,0,0,0,0,198,199
4640.0,0,0,0,1,0,0,0,0,196,197
4650.0,0,0,0,1,0,0,0,0,194,195
4660.0,0,0,0,1,0,0,0,0,190,191
4670.0,0,0,0,1,0,0,0,0,194,195
4680.0,0,0,0,0,0,0,0,0,194,194
4690.0,0,0,0,0,0,0,0,0,189,189
4700.0,0,0,0,0,0,0,0,0,196,196
4710.0,0,0,0,0,0,0,0,0,204,204
4720.0,0,0,0,0,0,0,0,0,204,204
4730.0,0,0,0,0,0,0,0,0,200,200
4740.0,0,0,0,0,0,0,0,0,194,194
4750.0,0,0,0,0,0,0,0,0,194,194
4760.0,0,0,0,0,0,0,0,0,198,198
4770.0,0,0,0,0,0,0,0,0,196,196
4780.0,0,0,0,0,0,0,0,0,195,195
4790.0,0,0,0,0,0,0,0,0,196,196
4800.0,0,0,0,0,0,0,0,0,195,195
4810.0,0,0,0,0,0,0,0,0,189,189
4820.0,0,0,0,0,0,0,0,0,191,191
4830.0,0,0,0,0,0,0,0,0,194,194
4840.0,0,0,0,0,0,0,0,0,192,192
4850.0,0,0,0,0,0,0,0,0,183,183
4860.0,0,0,0,0,0,0,0,0,189,189
4870.0,0,0,0,0,0,0,0,0,184,184
4880.0,0,0,0,0,0,0,0,0,185,185
4890.0,0,0,0,0,0,0,0,0,184,184
4900.0,0,0,0,0,0,0,0,0,187,187
4910.0,0,0,0,0,0,0,0,0,191,191
4920.0,0,0,0,0,0,0,0,0,192,192
4930.0,0,0,0,0,0,0,0,0,184,184
4940.0,0,0,0,0,0,0,0,0,191,191
4950.0,0,0,0,0,0,0,0,0,192,192
4960.0,0,0,0,0,0,0,0,0,198,198
4970.0,0,0,0,0,0,0,0,0,201,201
4980.0,0,0,0,0,0,0,0,0,204,204
4990.0,0,0,0,0,0,0,0,0,202,202
5000.0,0,0,0,0,0,0,0,0,203,203
5010.0,0,0,0,0,0,0,0,0,204,204
5020.0,0,0,0,0,0,0,0,0,209,209
5030.0,0,0,0,0,0,0,0,0,212,212
5040.0,0,0,0,0,0,0,0,0,207,207
5050.0,0,0,0,0,0,0,0,0,200,200
5060.0,0,0,0,0,0,0,0,0,198,198
5070.0,0,0,0,0,0,0,0,0,197,197
5080.0,0,0,0,0,0,0,0,0,197,197
5090.0,0,0,0,0,0,0,0,0,195,195
5100.0,0,0,0,0,0,0,0,0,195,195
5110.0,0,0,0,0,0,0,0,0,197,197
5120.0,0,0,0,0,0,0,0,0,195,195
5130.0,0,0,0,0,0,0,0,0,197,197
5140.0,0,0,0,0,0,0,0,0,195,195
5150.0,0,0,0,0,0,0,0,0,196,196
5160.0,0,0,0,0,0,0,0,0,195,195
5170.0,0,0,0,0,0,0,0,0,193,193
5180.0,0,0,0,0,0,0,0,0,189,189
5190.0,0,0,0,0,0,0,0,0,181,181
5200.0,0,0,0,0,1,0,0,0,191,192
5210.0,0,0,0,0,1,0,0,0,196,197
5220.0,0,0,0,0,1,0,0,0,200,201
5230.0,0,0,0,0,1,0,0,0,195,196
5240.0,0,0,0,0,1,0,0,0,194,195
5250.0,0,0,0,0,1,0,0,0,192,193
5260.0,0,0,0,0,1,0,0,0,193,194
5270.0,0,0,0,0,0,0,0,0,197,197
5280.0,0,0,0,0,0,0,0,0,199,199
5290.0,0,0,0,0,0,0,0,0,194,194
5300.0,0,0,0,0,0,0,0,0,197,197
5310.0,0,0,0,0,0,0,0,0,200,200
5320.0,0,0,0,0,0,0,0,0,202,202
5330.0,0,0,0,0,0,0,0,0,199,199
5340.0,0,0,0,0,0,0,0,0,200,200
5350.0,0,0,0,0,0,0,0,0,204,204
5360.0,0,0,0,0,0,0,0,0,202,202
5370.0,0,0,0,0,0,0,0,0,205,205
5380.0,0,0,0,0,0,0,0,0,211,211
5390.0,0,0,0,0,0,0,0,0,214,214
5400.0,0,0,0,0,0,0,0,0,216,216
5410.0,0,0,0,0,0,0,0,0,216,216
5420.0,0,0,0,0,0,0,0,0,209,209
5430.0,0,0,0,0,0,0,0,0,205,205
5440.0,0,0,0,0,0,0,0,0,207,207
5450.0,0,0,0,0,0,0,0,0,210,210
5460.0,0,0,0,0,0,0,0,0,210,210
5470.0,0,0,0,0,0,0,0,0,203,203
5480.0,0,0,0,0,0,0,0,0,205,205
5490.0,0,0,0,0,0,0,0,0,203,203
5500.0,0,0,0,0,0,0,0,0,199,199
5510.0,0,0,0,0,0,0,0,0,199,199
5520.0,0,0,0,0,0,0,0,0,204,204
5530.0,0,0,0,0,0,0,0,0,198,198
5540.0,0,0,0,0,0,0,0,0,203,203
5550.0,0,0,0,0,0,0,0,0,203,203
5560.0,0,1,0,0,0,0,0,0,202,203
5570.0,0,1,0,0,0,0,0,0,206,207
5580.0,0,1,0,0,0,0,0,0,207,208
5590.0,0,1,0,0,0,0,0,0,204,205
5600.0,0,1,0,0,0,0,0,0,207,208
5610.0,0,1,0,0,0,0,0,0,203,204
5620.0,0,1,0,0,0,0,0,0,192,193
5630.0,0,1,0,0,0,0,0,0,193,194
5640.0,0,1,0,0,0,0,0,0,192,193
5650.0,0,1,0,0,0,0,0,0,197,198
5660.0,0,1,0,0,0,0,0,0,195,196
5670.0,0,0,0,0,0,0,0,0,194,194
5680.0,0,0,0,0,0,0,0,0,196,196
5690.0,0,0,0,0,0,0,0,0,197,197
5700.0,0,0,0,0,0,0,0,0,198,198
5710.0,0,0,0,0,0,0,0,0,196,196
5720.0,0,0,0,0,0,0,0,0,195,195
5730.0,0,0,0,0,0,0,0,0,198,198
5740.0,0,0,0,0,0,0,0,0,208,208
5750.0,0,0,0,0,0,0,0,0,202,202
5760.0,0,0,0,0,0,0,0,0,207,207
5770.0,0,0,0,0,0,0,0,0,207,207
5780.0,0,0,0,0,0,0,0,0,197,197
5790.0,0,0,0,0,0,0,0,0,193,193
5800.0,0,0,0,0,0,0,0,0,195,195
5810.0,0,0,0,0,0,0,0,0,198,198
5820.0,0,0,0,0,0,0,0,0,204,204
5830.0,0,0,0,0,0,0,0,0,205,205
5840.0,0,0,0,0,0,0,0,0,206,206
5850.0,0,0,0,0,0,0,0,0,208,208
5860.0,0,0,0,0,0,0,0,0,199,199
5870.0,0,0,0,0,0,0,0,0,201,201
5880.0,0,0,0,0,0,0,0,0,202,202
5890.0,0,0,0,0,0,0,0,0,197,197
5900.0,0,0,0,0,0,0,0,0,200,200
5910.0,0,0,0,0,0,0,0,0,205,205
5920.0,0,0,0,0,0,0,0,0,211,211
5930.0,0,0,0,0,0,0,0,0,213,213
5940.0,0,0,0,0,0,0,0,0,219,219
5950.0,0,0,0,0,0,0,0,0,215,215
5960.0,0,0,0,0,0,0,0,0,215,215
5970.0,0,0,0,0,0,0,0,0,211,211
5980.0,0,0,0,0,0,0,0,0,217,217
5990.0,0,0,0,0,0,0,0,0,220,220
6000.0,0,0,0,0,0,0,0,0,221,221
6010.0,0,0,0,0,0,0,0,0,225,225
6020.0,0,0,0,0,0,0,0,0,226,226
6030.0,0,0,0,0,0,0,0,0,227,227
6040.0,0,0,0,0,0,0,0,0,226,226
6050.0,0,0,0,0,0,0,0,0,225,225
6060.0,0,0,0,0,0,0,0,0,222,222
6070.0,0,0,0,0,0,0,0,0,228,228
6080.0,0,0,0,0,0,0,0,0,225,225
6090.0,0,0,0,0,0,0,0,0,218,218
6100.0,0,0,0,0,0,0,0,0,221,221
6110.0,0,0,0,0,0,0,0,0,213,213
6120.0,0,0,0,0,0,0,0,0,215,215
6130.0,0,0,0,0,0,0,0,0,217,217
6140.0,0,0,0,0,0,0,0,0,220,220
6150.0,0,0,0,0,0,0,0,0,223,223
6160.0,0,0,0,0,0,0,0,0,222,222
6170.0,0,0,0,0,0,0,0,0,227,227
6180.0,0,0,0,0,0,0,0,0,229,229
6190.0,0,0,0,0,0,0,0,0,222,222
6200.0,0,0,0,0,0,0,0,0,217,217
6210.0,0,0,0,0,0,0,0,0,221,221
6220.0,0,0,0,0,0,0,0,0,222,222
6230.0,0,0,0,0,0,0,0,0,220,220
6240.0,0,0,0,0,0,0,0,0,220,220
6250.0,0,0,0,0,0,0,0,0,221,221
6260.0,0,0,0,0,0,0,0,0,216,216
6270.0,0,0,0,0,0,0,0,0,220,220
6280.0,0,0,0,0,0,0,0,0,219,219
6290.0,0,0,0,0,0,0,0,0,224,224
6300.0,0,0,0,0,0,0,0,0,219,219
6310.0,0,0,0,0,0,0,0,0,215,215
6320.0,0,0,0,0,0,0,0,0,220,220
6330.0,0,0,0,0,0,0,0,0,213,213
6340.0,0,0,0,0,0,0,0,0,212,212
6350.0,0,0,0,0,0,0,0,0,210,210
6360.0,0,0,0,0,0,0,0,0,213,213
6370.0,0,0,0,0,0,0,0,0,213,213
6380.0,0,0,0,0,0,0,0,0,223,223
6390.0,0,0,0,0,0,0,0,0,224,224
6400.0,0,0,0,0,0,0,0,0,220,220
6410.0,0,0,0,0,0,0,0,0,213,213
6420.0,0,0,0,0,0,0,0,0,207,207
6430.0,0,0,0,0,0,0,0,0,199,199
6440.0,0,0,0,0,0,0,0,0,205,205
6450.0,0,0,0,0,0,0,0,0,202,202
6460.0,0,0,0,0,0,0,0,0,204,204
6470.0,0,0,0,0,0,0,0,0,198,198
6480.0,0,0,0,0,0,0,0,0,199,199
6490.0,0,0,0,0,0,0,0,0,198,198
6500.0,0,0,0,0,0,0,0,0,202,202
6510.0,0,0,0,0,0,0,0,0,193,193
6520.0,0,0,0,0,0,0,0,0,199,199
6530.0,0,0,0,0,0,0,0,0,202,202
6540.0,0,0,0,0,0,0,0,0,202,202
6550.0,0,0,0,0,0,0,0,0,201,201
6560.0,0,0,0,0,0,0,0,0,199,199
6570.0,0,0,0,0,0,0,0,0,194,194
6580.0,0,0,0,0,0,0,0,0,198,198
6590.0,0,0,0,0,0,0,0,0,204,204
6600.0,0,0,0,0,0,0,0,0,203,203
6610.0,0,0,0,0,0,0,0,0,201,201
6620.0,0,0,0,0,0,0,0,0,203,203
6630.0,0,0,0,0,0,0,0,0,193,193
6640.0,0,0,0,0,0,0,0,0,189,189
6650.0,0,0,0,0,0,0,0,0,190,190
6660.0,0,0,0,0,0,0,0,0,185,185
6670.0,0,0,0,0,0,0,0,0,188,188
6680.0,0,0,0,0,0,0,0,0,193,193
6690.0,0,0,0,0,0,0,0,0,189,189
6700.0,0,0,0,0,0,0,0,0,197,197
6710.0,0,0,0,0,0,0,0,0,205,205
6720.0,0,0,0,0,0,0,0,0,203,203
6730.0,0,0,0,0,0,0,0,0,201,201
6740.0,0,0,0,0,0,0,0,0,209,209
6750.0,0,0,0,0,0,0,0,0,208,208
6760.0,0,0,0,0,0,0,0,0,205,205
6770.0,0,0,0,0,0,0,0,0,202,202
6780.0,0,0,0,0,0,0,0,0,205,205
6790.0,0,0,0,0,0,0,0,0,213,213
6800.0,0,0,0,0,0,0,0,0,213,213
6810.0,0,0,0,0,0,0,0,0,221,221
6820.0,0,0,0,0,0,0,0,0,213,213
6830.0,0,0,0,0,0,0,0,0,217,217
6840.0,0,0,0,0,0,0,0,0,217,217
6850.0,0,0,0,0,0,0,0,0,221,221
6860.0,0,0,0,0,0,0,0,0,220,220
6870.0,0,0,0,0,0,0,0,0,224,224
6880.0,0,0,0,0,0,0,0,0,225,225
6890.0,0,0,0,0,0,0,0,0,225,225
6900.0,0,0,0,0,0,0,0,0,221,221
6910.0,0,0,0,0,0,0,0,0,219,219
6920.0,0,0,0,0,0,0,0,0,217,217
6930.0,0,0,0,0,0,0,0,0,219,219
6940.0,0,0,0,0,0,0,0,0,219,219
6950.0,0,0,0,0,0,0,0,0,215,215
6960.0,0,0,0,0,0,0,0,0,211,211
6970.0,0,0,0,0,0,0,0,0,211,211
6980.0,0,0,0,0,0,0,0,0,209,209
6990.0,0,0,0,0,0,0,0,0,205,205
7000.0,0,0,0,0,0,0,0,0,203,203
7010.0,0,0,0,0,0,0,0,0,198,198
7020.0,0,0,0,0,0,0,0,0,204,204
7030.0,0,0,0,0,0,0,0,0,210,210
7040.0,0,0,0,0,0,0,0,0,209,209
7050.0,0,0,0,0,0,0,0,0,207,207
7060.0,0,0,0,0,0,0,0,0,213,213
7070.0,0,0,0,0,0,0,0,0,214,214
7080.0,0,0,0,0,0,0,0,0,219,219
7090.0,0,0,0,0,0,0,0,0,215,215
7100.0,0,0,0,0,0,0,0,0,214,214
7110.0,0,0,0,0,0,0,0,0,208,208
7120.0,0,0,0,0,0,0,0,0,208,208
7130.0,0,0,0,0,0,0,0,0,213,213
7140.0,0,0,0,0,0,0,0,0,208,208
7150.0,0,0,0,0,0,0,0,0,207,207
7160.0,0,0,0,0,0,0,0,0,211,211
7170.0,0,0,0,0,0,0,0,0,207,207
7180.0,0,0,0,0,0,0,0,0,210,210
7190.0,0,0,0,0,0,0,0,0,205,205
7200.0,0,0,0,0,0,0,0,0,204,204
7210.0,0,0,0,0,0,0,0,0,204,204
7220.0,0,0,0,0,0,0,0,0,199,199
7230.0,0,0,0,0,0,0,0,0,200,200
7240.0,0,0,0,0,0,0,0,0,201,201
7250.0,0,0,0,0,0,0,0,0,201,201
7260.0,0,0,0,0,0,0,0,0,201,201
7270.0,0,0,0,0,0,0,0,0,200,200
7280.0,0,0,0,0,0,0,0,0,197,197
7290.0,0,0,0,0,0,0,0,0,199,199
7300.0,0,0,0,0,0,0,0,0,199,199
7310.0,0,0,0,0,0,0,0,0,207,207
7320.0,0,0,0,0,0,0,0,0,200,200
7330.0,0,0,0,0,0,0,0,0,208,208
7340.0,0,0,0,0,0,0,0,0,209,209
7350.0,0,0,0,0,0,0,0,0,206,206
7360.0,0,0,0,0,0,0,0,0,203,203
7370.0,0,0,0,0,0,0,0,0,198,198
7380.0,0,0,0,0,0,0,0,0,194,194
7390.0,0,0,0,0,0,0,0,0,196,196
7400.0,0,0,0,0,0,0,0,0,200,200
7410.0,0,0,0,0,0,0,0,0,201,201
7420.0,0,0,0,0,0,0,0,0,208,208
7430.0,0,0,0,0,0,1,0,0,206,207
7440.0,0,0,0,0,0,1,0,0,208,209
7450.0,0,0,0,0,0,0,0,0,216,216
7460.0,0,0,0,0,0,0,0,0,215,215
7470.0,0,0,0,0,0,0,0,0,222,222
7480.0,0,0,0,0,0,0,0,0,226,226
7490.0,0,0,0,0,0,0,0,0,218,218
7500.0,0,0,0,0,0,0,0,0,218,218
7510.0,0,0,0,0,0,0,0,0,215,215
7520.0,0,0,0,0,0,0,0,0,216,216
7530.0,0,0,0,0,0,0,0,0,223,223
7540.0,0,0,0,0,0,0,0,0,225,225
7550.0,0,0,0,0,0,0,0,0,220,220
7560.0,0,0,0,0,0,0,0,0,210,210
7570.0,0,0,0,0,0,0,0,0,216,216
7580.0,0,0,0,0,0,0,0,0,211,211
7590.0,0,0,0,0,0,0,0,0,215,215
7600.0,0,0,0,0,0,0,0,0,214,214
7610.0,0,0,0,0,0,0,0,0,210,210
7620.0,0,0,0,0,0,0,0,0,208,208
7630.0,0,0,0,0,0,0,0,0,207,207
7640.0,0,0,0,0,0,0,0,0,215,215
7650.0,0,0,0,0,0,0,0,0,210,210
7660.0,0,0,0,0,0,0,0,0,209,209
7670.0,0,0,0,0,0,0,0,0,206,206
7680.0,0,0,0,0,0,0,0,0,207,207
7690.0,0,0,0,0,0,0,0,0,215,215
7700.0,0,0,0,0,0,0,0,0,224,224
7710.0,0,0,0,0,0,0,0,0,220,220
7720.0,0,0,0,0,0,0,0,0,221,221
7730.0,0,0,0,0,0,0,0,0,222,222
7740.0,0,0,0,0,0,0,0,0,225,225
7750.0,0,0,0,0,0,0,0,0,222,222
7760.0,0,0,0,0,0,0,0,0,214,214
7770.0,0,0,0,0,0,0,0,0,213,213
7780.0,0,0,0,0,0,0,0,0,215,215
7790.0,0,0,0,0,0,0,0,0,212,212
7800.0,0,0,0,0,0,0,0,0,211,211
7810.0,0,0,0,0,0,0,0,0,206,206
7820.0,0,0,0,0,0,0,0,0,210,210
7830.0,0,0,0,0,0,0,0,0,216,216
7840.0,0,0,0,0,0,0,0,0,211,211
7850.0,0,0,0,0,0,0,0,0,212,212
7860.0,0,0,0,0,0,0,0,0,213,213
7870.0,0,0,0,0,0,0,0,0,215,215
7880.0,0,0,0,0,0,0,0,0,212,212
7890.0,0,0,0,0,0,0,0,0,209,209
7900.0,0,0,0,0,0,0,0,0,208,208
7910.0,0,0,0,0,0,0,0,0,204,204
7920.0,0,0,0,0,0,0,0,0,196,196
7930.0,0,0,0,0,0,0,0,0,195,195
7940.0,0,0,0,0,0,0,0,0,197,197
7950.0,0,0,0,0,0,0,0,0,193,193
7960.0,0,0,0,0,0,0,0,0,197,197
7970.0,0,0,0,0,0,0,0,0,198,198
7980.0,0,0,0,0,0,0,0,0,198,198
7990.0,0,0,0,0,0,0,0,0,197,197
8000.0,0,0,0,0,0,0,0,0,193,193
8010.0,0,0,0,0,0,0,0,0,189,189
8020.0,0,0,0,0,0,0,0,0,197,197
8030.0,0,0,0,0,0,0,0,0,199,199
8040.0,0,0,0,0,0,0,0,0,208,208
8050.0,0,0,0,0,0,0,0,0,212,212
8060.0,0,0,0,0,0,0,0,0,213,213
8070.0,0,0,0,0,0,0,0,0,212,212
8080.0,0,0,0,0,0,0,0,0,211,211
8090.0,0,0,0,0,0,0,0,0,207,207
8100.0,0,0,0,0,0,0,0,0,211,211
8110.0,0,0,0,0,0,0,0,0,211,211
8120.0,0,0,0,0,0,0,0,0,208,208
8130.0,0,0,0,0,0,0,0,0,207,207
8140.0,0,0,0,0,0,0,0,0,215,215
8150.0,0,0,0,0,0,0,0,0,217,217
8160.0,0,0,0,0,0,0,0,0,211,211
8170.0,0,0,0,0,0,0,0,0,207,207
8180.0,0,0,0,0,0,0,0,0,212,212
8190.0,0,0,0,0,0,0,0,0,212,212
8200.0,0,0,0,0,0,0,0,0,213,213
8210.0,0,0,0,0,0,0,0,0,221,221
8220.0,0,0,0,0,0,0,0,0,212,212
8230.0,0,0,0,0,0,0,0,0,219,219
8240.0,0,0,0,0,0,0,0,0,224,224
8250.0,0,0,0,0,0,0,0,0,226,226
8260.0,0,0,0,0,0,0,0,0,216,216
8270.0,0,0,0,0,0,0,0,0,213,213
8280.0,0,0,0,0,0,0,0,0,217,217
8290.0,0,0,0,0,0,0,0,0,217,217
8300.0,0,0,0,0,0,0,0,0,218,218
8310.0,0,0,0,0,0,0,0,0,228,228
8320.0,0,0,0,0,0,0,0,0,225,225
8330.0,0,0,0,0,0,0,0,0,212,212
8340.0,0,0,0,0,0,0,0,0,211,211
8350.0,0,0,0,0,0,0,0,0,216,216
8360.0,0,0,0,0,0,0,0,0,217,217
8370.0,0,0,0,0,0,0,0,0,216,216
8380.0,0,0,0,0,0,0,0,0,213,213
8390.0,0,0,0,0,0,0,0,0,211,211
8400.0,0,0,0,0,0,0,0,0,212,212
8410.0,0,0,0,0,0,0,0,0,211,211
8420.0,0,0,0,0,0,0,0,0,211,211
8430.0,0,0,0,0,0,0,0,0,211,211
8440.0,0,0,0,0,0,0,0,0,208,208
8450.0,0,0,0,0,0,0,0,0,206,206
8460.0,0,0,0,0,0,0,0,0,200,200
8470.0,0,0,0,0,0,0,0,0,200,200
8480.0,0,0,0,0,0,0,0,0,201,201
8490.0,0,0,0,0,0,0,0,0,198,198
8500.0,0,0,0,0,0,0,0,0,200,200
8510.0,0,0,0,0,0,0,0,0,196,196
8520.0,0,0,0,0,0,0,0,0,203,203
8530.0,0,0,0,0,0,0,0,0,205,205
8540.0,0,0,0,0,0,0,0,0,202,202
8550.0,0,0,0,0,0,0,0,0,202,202
8560.0,0,0,0,0,0,0,0,0,208,208
8570.0,0,0,0,0,0,0,0,0,211,211
8580.0,0,0,0,0,0,0,0,0,211,211
8590.0,0,0,0,0,0,0,0,0,217,217
8600.0,0,0,0,0,0,0,0,0,217,217
8610.0,0,0,0,0,0,0,0,0,216,216
8620.0,0,0,0,0,0,0,0,0,217,217
8630.0,0,0,0,0,0,0,0,0,212,212
8640.0,0,0,0,0,0,0,0,0,209,209
8650.0,0,0,0,0,0,0,0,0,203,203
8660.0,0,0,0,0,0,0,0,0,207,207
8670.0,0,0,0,0,0,0,0,0,204,204
8680.0,0,0,0,0,0,0,0,0,198,198
8690.0,0,0,0,0,0,0,0,0,199,199
8700.0,0,0,0,0,0,0,0,0,205,205
8710.0,0,0,0,0,0,0,0,0,198,198
8720.0,0,0,0,0,0,0,0,0,200,200
8730.0,0,0,0,0,0,0,0,0,203,203
8740.0,0,0,0,0,0,0,0,0,207,207
8750.0,0,0,0,0,0,0,0,0,210,210
8760.0,0,0,0,0,0,0,0,0,212,212
8770.0,0,0,0,0,0,0,0,0,211,211
8780.0,0,0,0,0,0,0,0,0,211,211
8790.0,0,0,0,0,0,0,0,0,213,213
8800.0,0,0,0,0,0,0,0,0,212,212
8810.0,0,0,0,0,0,0,0,0,214,214
8820.0,0,0,0,0,0,0,0,0,220,220
8830.0,0,0,0,0,0,0,0,0,219,219
8840.0,0,0,0,0,0,0,0,0,216,216
8850.0,0,0,0,0,0,0,0,0,216,216
8860.0,0,0,0,0,0,0,0,0,223,223
8870.0,0,0,0,0,0,0,0,0,233,233
8880.0,0,0,0,0,0,0,0,0,239,239
8890.0,0,0,0,0,0,0,0,0,237,237
8900.0,0,0,0,0,0,0,0,0,241,241
8910.0,0,0,0,0,0,0,0,0,236,236
8920.0,0,0,0,0,0,0,0,0,238,238
8930.0,0,0,0,0,0,0,0,0,237,237
8940.0,0,0,0,0,0,0,0,0,236,236
8950.0,0,0,0,0,0,0,0,0,234,234
8960.0,0,0,0,0,0,0,0,0,227,227
8970.0,0,0,0,0,0,0,0,0,230,230
8980.0,0,0,0,0,0,0,0,0,223,223
8990.0,0,0,0,0,0,0,0,0,223,223
9000.0,0,0,0,0,0,0,0,0,214,214
9010.0,0,0,0,0,0,0,0,0,210,210
9020.0,0,0,0,0,0,0,0,0,210,210
9030.0,0,0,0,0,0,0,0,0,215,215
9040.0,0,0,0,0,0,0,0,0,213,213
9050.0,0,0,0,0,0,0,0,0,212,212
9060.0,0,0,0,0,0,0,0,0,214,214
9070.0,0,0,0,0,0,0,0,0,209,209
9080.0,0,0,0,0,0,0,0,0,213,213
9090.0,0,0,0,0,0,0,0,0,210,210
9100.0,0,0,0,0,0,0,0,0,211,211
9110.0,0,0,0,0,0,0,0,0,209,209
9120.0,0,0,0,0,0,0,0,0,214,214
9130.0,0,0,0,0,0,0,0,0,214,214
9140.0,0,0,0,0,0,0,0,0,221,221
9150.0,0,0,0,0,0,0,0,0,223,223
9160.0,0,0,0,0,0,0,0,0,216,216
9170.0,0,0,0,0,0,0,0,0,222,222
9180.0,0,0,0,0,0,0,0,0,222,222
9190.0,0,0,0,0,0,0,0,0,220,220
9200.0,0,0,0,0,0,0,0,0,216,216
9210.0,0,0,0,0,0,0,0,0,211,211
9220.0,0,0,0,0,0,0,0,0,206,206
9230.0,0,0,0,0,0,0,0,0,201,201
9240.0,0,0,0,0,0,0,0,0,200,200
9250.0,0,0,0,0,0,0,0,0,203,203
9260.0,0,0,0,0,0,0,0,0,209,209
9270.0,0,0,0,0,0,0,0,0,207,207
9280.0,0,0,0,0,0,0,0,0,203,203
9290.0,0,0,0,0,0,0,0,0,214,214
9300.0,0,0,0,0,0,0,0,0,206,206
9310.0,0,0,0,0,0,0,0,0,205,205
9320.0,0,0,0,0,0,0,0,0,207,207
9330.0,0,0,0,0,0,0,0,0,206,206
9340.0,0,0,0,0,0,0,0,0,213,213
9350.0,0,0,0,0,0,0,0,0,213,213
9360.0,0,0,0,0,0,0,0,0,215,215
9370.0,0,0,0,0,0,0,0,0,211,211
9380.0,0,0,0,0,0,0,0,0,208,208
9390.0,0,0,0,0,0,0,0,0,211,211
9400.0,0,0,0,0,0,0,0,0,215,215
9410.0,0,0,0,0,0,0,0,0,214,214
9420.0,0,0,0,0,0,0,0,0,220,220
9430.0,0,0,0,0,0,0,0,0,227,227
9440.0,0,0,0,0,0,0,0,0,219,219
9450.0,0,0,0,0,0,0,0,0,217,217
9460.0,0,0,0,0,0,0,0,0,215,215
9470.0,0,0,0,0,0,0,0,0,219,219
9480.0,0,0,0,0,0,0,0,0,219,219
9490.0,0,0,0,0,0,0,0,0,221,221
9500.0,0,0,0,0,0,0,0,0,227,227
9510.0,0,0,0,0,0,0,0,0,224,224
9520.0,0,0,0,0,0,0,0,0,223,223
9530.0,0,0,0,0,0,0,0,0,224,224
9540.0,0,0,0,0,0,0,0,0,219,219
9550.0,0,0,0,0,0,0,0,0,213,213
9560.0,0,0,0,0,0,0,0,0,213,213
9570.0,0,0,0,0,0,0,0,0,208,208
9580.0,0,0,0,0,0,0,0,0,200,200
9590.0,0,0,0,0,0,0,0,0,209,209
9600.0,0,0,0,0,0,0,0,0,206,206
9610.0,0,0,0,0,0,0,0,0,209,209
9620.0,0,0,0,0,0,0,0,0,215,215
9630.0,0,0,0,0,0,0,0,0,225,225
9640.0,0,0,0,0,0,0,0,0,225,225
9650.0,0,0,0,0,0,0,0,0,218,218
9660.0,0,0,0,0,0,0,0,0,217,217
9670.0,0,0,0,0,0,0,0,0,215,215
9680.0,0,0,0,0,0,0,0,0,212,212
9690.0,0,0,0,0,0,0,0,0,211,211
9700.0,0,0,0,0,0,0,0,0,210,210
9710.0,0,0,0,0,0,0,0,0,206,206
9720.0,0,0,0,0,0,0,0,0,201,201
9730.0,0,0,0,0,0,0,0,0,201,201
9740.0,0,0,0,0,0,0,0,0,200,200
9750.0,0,0,0,0,0,0,0,0,202,202
9760.0,0,0,0,0,0,0,0,0,200,200
9770.0,0,0,0,0,0,0,0,0,198,198
9780.0,0,0,0,0,0,0,0,0,200,200
9790.0,0,0,0,0,0,0,0,0,204,204
9800.0,0,0,0,0,0,0,0,0,200,200
9810.0,0,0,0,0,0,0,0,0,191,191
9820.0,0,0,0,0,0,0,0,0,203,203
9830.0,0,0,0,0,0,0,0,0,204,204
9840.0,0,0,0,0,0,0,0,0,203,203
9850.0,0,0,0,0,0,0,0,0,199,199
9860.0,0,0,0,0,0,0,0,0,190,190
9870.0,0,0,0,0,0,0,0,0,185,185
9880.0,0,0,0,0,0,0,0,0,186,186
9890.0,0,0,0,0,0,0,0,0,187,187
9900.0,0,0,0,0,0,0,0,0,185,185
9910.0,0,0,0,0,0,0,0,0,193,193
9920.0,0,0,0,0,0,0,0,0,192,192
9930.0,0,0,0,0,0,0,0,0,191,191
9940.0,0,0,0,0,0,0,0,0,194,194
9950.0,0,0,0,0,0,0,0,0,191,191
9960.0,0,0,0,0,0,0,0,0,188,188
9970.0,0,0,0,0,0,0,0,0,190,190
9980.0,0,0,0,0,0,0,0,0,187,187
9990.0,0,0,0,0,0,0,0,0,191,191
10000.0,0,0,0,0,0,0,0,0,203,203
