x1,x2
-0.047107898501678735,-0.024796675679277097
-0.04676591012178705,-0.02432025978145702
-0.046769812949117986,-0.02428591103623673
-0.04676395329072455,-0.024321817505003958
-0.04676484828273041,-0.024317387407998808
-0.04676121945956888,-0.0243169453767466
-0.04679167567133618,-0.02430203678965323
-0.04678268405979376,-0.024319819956147973
-0.04676647746681119,-0.024268339126823697
-0.045852241912040334,-0.023625192199441987
-0.04676174127872395,-0.024314886891306474
-0.04677119718709236,-0.02432068495938173
-0.04676129881940396,-0.02432856134302818
-0.04563453043373938,-0.025456266614944528
-0.04583481047177727,-0.023644601553515814
-0.046770017102740605,-0.024314814725461067
-0.04587617963089817,-0.023592413299893464
-0.046795285741575335,-0.02427769025086364
-0.04677873186768931,-0.02432268876525731
-0.04584621004964644,-0.02362528749904692
-0.04678072995312672,-0.024322631925776765
-0.04674514346544624,-0.024312171717924047
-0.046759044613548746,-0.024289009313490026
-0.044456763966202635,-0.021777548277096163
-0.045886339368661704,-0.023583991782702495
-0.046804150119615334,-0.02434729905965211
-0.044479228390155785,-0.0226705096395455
-0.04450761554819731,-0.022723837260407557
-0.046769950043467456,-0.02433220532495968
-0.04678819732798741,-0.02432320551137795
-0.045884242618911025,-0.023633661077198033
-0.04583360841468513,-0.02364163979046448
-0.046770622783809446,-0.02432520553212146
-0.04678666731905409,-0.024323205128795433
-0.0459027943844479,-0.023636573885439133
-0.045648598811864026,-0.025566222963384094
-0.04676591012178714,-0.024320259781453846
-0.0467694687223395,-0.024295655400652896
-0.046755443841194066,-0.02432108830968742
-0.04674990203782126,-0.024301964050433493
-0.0443675831063831,-0.022750296531758123
-0.045813786546008095,-0.02365982116361087
-0.04674014944873403,-0.02433301143025317
-0.04588102360975378,-0.02265612369647259
-0.0467727672122498,-0.024322505239895553
-0.045828422241819294,-0.023628068322831215
-0.04676222640934623,-0.024317816895787565
-0.04585164234117968,-0.023636710010603856
-0.04677855796912017,-0.024323288724422035
-0.042798671552642664,-0.020899633841580733
-0.04456372801341523,-0.021846980079422672
-0.04592385921240265,-0.022643277414935756
-0.046804712984608046,-0.02431325357670392
-0.04075159576988089,-0.019839819014605204
-0.04676591012178714,-0.024320259781453846
-0.04480157585081663,-0.024647114764479235
-0.04563710813106036,-0.025457582506660553
-0.045869900913859715,-0.02362225324990591
-0.04677548289004433,-0.024324241007270014
-0.045802100271425325,-0.02364416821700137
-0.04675683370761692,-0.024327610435507838
-0.04447873179628565,-0.02271140018323037
-0.045856452651304905,-0.023643427412700667
-0.04677658274778015,-0.02433343726611551
-0.044451200645512376,-0.022753112385292255
-0.04586428820679204,-0.0236237165163901
-0.046783349516239595,-0.02431314406730661
-0.04676243150730112,-0.024168072889147924
-0.045837712159846916,-0.023625344981943484
-0.04677274873306212,-0.024322634696741747
-0.04181573320148824,-0.022742128638449606
-0.04354290762943957,-0.023838574646207582
-0.04485313993028252,-0.024800631762639618
-0.04678547292183084,-0.024319277458481822
-0.0467833226878273,-0.024306750825706606
-0.04580422097149133,-0.02366088969381812
-0.04674364420501173,-0.02433455471687197
-0.04673054933930783,-0.02433879891938938
-0.04580244386043124,-0.023673400355411624
-0.046770435602099404,-0.024328988309770042
-0.046776500595958614,-0.024318024597424555
-0.0467559355115182,-0.024307171564880294
-0.04445681993680536,-0.02273931830936027
-0.04584923970817391,-0.023599783281914356
-0.04676523873306979,-0.024287470645950597
-0.04584122000451427,-0.023605927968976953
-0.04677696347929356,-0.024324105395124977
-0.044437672443331695,-0.022728296956273923
-0.04584722487207452,-0.023595838189856378
-0.04677120691240663,-0.02430042742592176
-0.046792655734604185,-0.024276775620011265
-0.04446074433541753,-0.022754097283302976
-0.04587624165271516,-0.0236266808562311
-0.04679941662039346,-0.02431876465202559
-0.045699833419819376,-0.02370933639630346
-0.04661914893184826,-0.02440503269865636
-0.04584150097043262,-0.023631613617703537
-0.04677274909352227,-0.024322631437115477
-0.04584278999814492,-0.02363413841280976
-0.046772749547291215,-0.024322635947066643
-0.04676299403290621,-0.024317951282805172
-0.046766782171260034,-0.024321679755574286
-0.04584150097043262,-0.023631613617703537
-0.04677274909352227,-0.024322631437115477
-0.04576350226790323,-0.02361250009220916
-0.04677233309443853,-0.024322036193489213
-0.04637334293556292,-0.024193448670487866
-0.04429245687449474,-0.022913135490954924
-0.0458603772686957,-0.023635672482092106
-0.04678202033438059,-0.024323670122660377
-0.04676449786057604,-0.024318319929764732
-0.044514331179203906,-0.02177129984699259
-0.04592428514705317,-0.02256143622381724
-0.0467908293316158,-0.02316304031197664
-0.046783988740558335,-0.024309095645859865
-0.04673650397103969,-0.0242520817047572
-0.045833906837299404,-0.02357561810193955
-0.044773673619280994,-0.02434456428296237
-0.045839287023339136,-0.023619543127416688
-0.04676911082762827,-0.024309871011902285
-0.04584384169240567,-0.022717781490551522
-0.04677375072303566,-0.023332008364337204
-0.04584734788551679,-0.02361198206354754
-0.046783760007905094,-0.02432339387901255
-0.04677387255015932,-0.024317108538375928
-0.04581491499719743,-0.02356868140217365
-0.04676528265850125,-0.024248013471261768
-0.041816246944243,-0.022581609468806857
-0.04449725783574411,-0.022726210618995758
-0.04590041405096154,-0.023594108557162097
-0.046792751983163745,-0.024322406220565713
-0.044337189529528274,-0.022813789814957245
-0.045859570210031994,-0.023633262106275917
-0.04678202153678982,-0.024323477399756266
-0.04436079350091591,-0.022689490094819242
-0.045810203123713006,-0.023532917129025277
-0.04676957893650844,-0.02431670844036886
-0.04178432879743704,-0.022609695554131993
-0.04348489719058695,-0.02368818353336306
-0.04479628524897304,-0.024632048225775614
-0.04565092339676417,-0.025411688844219474
-0.044488037919898644,-0.022739568623952686
-0.0458918321809044,-0.023621727941611083
-0.04678721887570974,-0.02432429709567465
-0.04268159941759092,-0.020861526200675017
-0.0444233615728643,-0.022765728270990694
-0.04585391494156015,-0.023634633346777126
-0.046763528536946326,-0.024322992956769155
-0.04444491609862572,-0.022763538709239365
-0.045829958435224166,-0.0235558347860614
-0.04676079833299339,-0.024311222772218078
-0.04674673393072448,-0.02430735632619278
-0.041787618546333526,-0.022854516175143
-0.04440765337515433,-0.02284625780508988
-0.045758238388475425,-0.023712075175500398
-0.04663298895032605,-0.024404215509161057
-0.04263354839889031,-0.02183332061798792
-0.04676591012178714,-0.024320259781453846
-0.04582981989728214,-0.023629455621261078
-0.04676134646188054,-0.024322443247924395
-0.044499786270868744,-0.02183872430421717
-0.045902740918778294,-0.02266213001519911
-0.046789433934212955,-0.024327912411230234
-0.046769267187564544,-0.024301192626045888
-0.040721957294986455,-0.020630915814793767
-0.04278523606599644,-0.02174191902169099
-0.04453719969571128,-0.0227540920733712
-0.0458953549651,-0.023609465122100347
-0.046795470744023286,-0.02430808683271755
-0.04181683515750059,-0.022125054452426816
-0.044447412790430435,-0.022067203538883015
-0.045870688372731894,-0.023597904409895225
-0.04677206517588673,-0.024283655304676445
-0.04674283466366576,-0.024289411400784288
-0.04566697039763436,-0.025584991318843894
-0.04674780110864448,-0.024350723629619167
-0.04478874479584246,-0.02473262495178381
-0.04564205500075921,-0.025515743417350266
-0.04544669582777226,-0.023896566073390683
-0.046379370123596074,-0.02464601101291323
-0.04581635128562246,-0.023604006880317538
-0.046749991316891934,-0.02429728050498176
-0.04261439169382577,-0.0217281593166818
-0.04439931001077869,-0.022743298722400513
-0.0458763516950566,-0.023632137554104222
-0.04678198615718574,-0.024322840487319197
-0.04677856553405034,-0.024322153566111476
-0.042613789102189374,-0.021743185041893123
-0.04440504118890087,-0.02276616274016919
-0.04580688779860496,-0.02364074610690576
-0.046780842064766626,-0.02430136605184097
-0.046709440298548045,-0.024368417545448193
-0.04073564120227774,-0.02053132178219716
-0.04275713470886931,-0.02164038292663459
-0.0445334121844408,-0.02265256310999147
-0.04592797798762854,-0.023615043775750896
-0.04682136897646258,-0.02431979804833422
-0.04583551555290006,-0.023619773197702712
-0.04677274854144756,-0.02432263637974579
-0.04063840780870088,-0.02056983521329865
-0.042702688136566656,-0.021678149392443096
-0.04448582950932944,-0.02270193085655105
-0.045881455598019566,-0.023588218759637576
-0.04680128777158692,-0.024312807372039003
-0.04677285344277257,-0.02432332495405627
-0.0467666068787388,-0.02431686316383404
-0.04676591012178714,-0.024320259781453846
-0.045862513597939254,-0.023636294308335953
-0.04678666421145582,-0.024323197281164083
-0.04575233008026651,-0.023600175138319114
-0.046763640042567556,-0.024309532672962434
-0.044475800225554626,-0.022767401445238294
-0.045888828066169694,-0.023638400638007716
-0.04678205544356432,-0.024323380621562415
-0.04275277100217491,-0.021729787798385566
-0.044529999625501505,-0.02274147975783225
-0.045898812810582335,-0.023617791353560028
-0.04679846443739664,-0.02431718566255814
-0.04275277100217491,-0.021729787798385566
-0.04675871928627984,-0.024321713950676466
-0.042634950389115946,-0.02171509293235472
-0.04442489068505342,-0.022729446996159336
-0.04585499892849557,-0.02360158277340066
-0.04677674091659093,-0.02432593719543567
-0.04584889060085828,-0.02362644219188669
-0.0467750565974522,-0.024320509952765072
-0.04584487034015867,-0.02355903831421493
-0.04446337500451751,-0.022663155039158805
-0.04586711888480986,-0.023525006750344232
-0.04678289372059146,-0.0243111145961969
-0.04676674134786488,-0.024321966441251487
-0.04563168895410044,-0.02261685102757699
-0.04653125691134876,-0.02334013268379418
-0.04267150834914432,-0.020773470528171762
-0.0444622739530148,-0.02173640556248269
-0.04584423139879527,-0.02362027596781638
-0.0467571224679336,-0.024309213417109326
-0.04584150097043262,-0.023631613617703537
-0.04677274909352226,-0.024322631437115473
-0.04676129881940396,-0.02432856134302818
-0.042371760435925394,-0.025113957438577483
-0.04574114074801879,-0.023719558234983843
-0.04662299814847391,-0.024406772439028973
-0.0444752428527741,-0.022756852748458376
-0.045885567256554204,-0.023628230376139737
-0.04681564210393139,-0.024321657066610602
-0.045817647656731395,-0.02363357298852393
-0.04675458220840142,-0.024321867575117454
-0.044404579629021765,-0.02281353307421442
-0.045795289367420534,-0.02369132258188533
-0.04671606505607545,-0.024369736991920746
-0.045854863511729356,-0.023648021236986397
-0.04678864215010657,-0.02431979349105242
-0.04444639036341839,-0.02278745304107814
-0.044445591750148124,-0.0227753829064765
-0.0444810583457953,-0.022774736361555588
-0.04589231351386455,-0.02364637221951573
-0.046805137190426886,-0.024336224300045884
-0.0458515131809489,-0.023629832834641432
-0.04676886348497697,-0.024316796089079048
-0.04676591012178714,-0.024320259781453846
-0.04347978189884126,-0.023832415028350807
-0.04482937381899376,-0.02478019501204122
-0.046791249037552725,-0.024327813912029143
-0.04676591012178714,-0.024320259781453846
-0.04511864447155601,-0.025881100704551258
-0.03847436070086665,-0.01935484367892396
-0.04070215834940177,-0.020531197245590632
-0.0427540494159782,-0.021656760982393997
-0.04451933829773003,-0.022681374887015895
-0.04591510938667893,-0.023569575284457224
-0.04681568868558774,-0.024295726773620636
-0.043660582496177255,-0.025699200498195098
-0.04444822219369019,-0.026542139541444444
-0.044460502469202565,-0.02276525815315032
-0.04584944547363149,-0.023625946190359
-0.04678204640748989,-0.0243234004237766
-0.04676591012178714,-0.024320259781453846
-0.04588685161859258,-0.02362826537479881
-0.046795228819442446,-0.024317834877538778
-0.04447426639194327,-0.02275946459107826
-0.044442507269065054,-0.022614195425919602
-0.04588417314276481,-0.023525523696713596
-0.04583999898650289,-0.0236210824141168
-0.04678450880909059,-0.02431905591531808
-0.04585970043480955,-0.023625086845436457
-0.04677241607234363,-0.024314470189934396
-0.04583451843601236,-0.023633656278363453
-0.04677043722937316,-0.024328976562755657
-0.046764024697235444,-0.02432080995920621
-0.04480673687966463,-0.024407174713721565
-0.04677262538254172,-0.024323673380456635
-0.04444766320032354,-0.02192057624786333
-0.04586171120400702,-0.022721721695295075
-0.046782064810239866,-0.02432304138933164
-0.043466638531703086,-0.02374836379580635
-0.04585365177880758,-0.02363311197461372
-0.04678186506484869,-0.024324753263443855
-0.043722351209183496,-0.02594416518802847
-0.046799037989646276,-0.024325840936088344
-0.0434673831266144,-0.023789141300986902
-0.044806614552230346,-0.02474164707568449
-0.04564188650614255,-0.025521910799814883
-0.040656142665569224,-0.02050324865831209
-0.042726717057406986,-0.021671782569411577
-0.04449590857795484,-0.022688759142713445
-0.04589312939712933,-0.023581713535004063
-0.04679435283541235,-0.024281186136875372
-0.04676591012178714,-0.024320259781453846
-0.04585921054417793,-0.0236244379789977
-0.04442535475347735,-0.02278915984155507
-0.04583476823342988,-0.02366047681318668
-0.04677478878833302,-0.024314571454782812
-0.046572090742539304,-0.02448812809513071
-0.04570109294933895,-0.023789187803494198
-0.04418861590222746,-0.022972654242237805
-0.04568910491474294,-0.02379472938596607
-0.04657607241643658,-0.024488628536884677
-0.045664439719938096,-0.023681617247922757
-0.046768782300818657,-0.02431714792929491
-0.04676007236643397,-0.024314550537482185
-0.04449974044354467,-0.022761375368797056
-0.04591136605886516,-0.02363535607017828
-0.04586493031820633,-0.023612594840685154
-0.0467884686323006,-0.024305388508590528
-0.04676708865234364,-0.024320278392148096
-0.04567699656505653,-0.02368901543248372
-0.04677855003171108,-0.024323350756737
-0.04675469976139542,-0.02425365981194077
-0.04271263546482346,-0.021737819145461554
-0.044468101180114655,-0.02275196227757781
-0.04589086216224956,-0.023632739501440996
-0.04679294611437818,-0.02432089499219939
-0.04675449887282478,-0.02431608716332487
-0.04584681669102195,-0.023626817234794085
-0.046767740683968335,-0.024312573808855896
-0.04260909913340428,-0.02090650695008042
-0.044387905104545065,-0.021857462552988184
-0.04586593654073855,-0.022673275948953416
-0.046780121421260985,-0.023286406136058625
-0.04677696451794447,-0.024324103444474585
-0.04585701920450838,-0.023638060272834698
-0.04269148180503959,-0.020784243792792263
-0.04446359079336375,-0.021727159117845226
-0.045875557515200095,-0.022502556689869228
-0.04680350127107865,-0.024314587337177618
-0.043475619484885625,-0.023830609635931563
-0.04583606433470856,-0.02363099319750545
-0.04676243893183255,-0.024304964727499816
-0.044419983638135534,-0.02186809580476661
-0.04578579222062252,-0.023643351257468838
-0.04671305870818951,-0.024328926646281748
-0.04410515969299924,-0.02248875000665684
-0.045848898196472775,-0.023465718398070323
-0.046771717362008795,-0.02414498617808967
-0.04066701605406103,-0.020583061882215377
-0.0427275030653,-0.021701007191761473
-0.044520210861524766,-0.022733028769224544
-0.04589770749847909,-0.02360700468861498
-0.046804586472598185,-0.024313953166755865
-0.0444131438785357,-0.022720335123925434
-0.045857256797232605,-0.023628899731960196
-0.04677794001430598,-0.024318720051042176
0.021431210405477352,-0.04228310314902822
0.02267487737608561,-0.04453854236989211
0.023795617123075576,-0.046591005861343994
0.02475010907810585,-0.04839388696688051
0.021589759277001908,-0.04803557063290831
0.016853795709831133,-0.04699290650561028
0.011887846078444049,-0.045700756499287884
0.006876519498219376,-0.044228206866702424
0.0017606832123296624,-0.04269796681161115
-0.0034292102757528665,-0.04108245449923131
-0.0086570331467371,-0.03978642018045932
-0.013789481620079255,-0.03815383264895182
-0.018889641663296194,-0.036656353302496454
-0.023839777987737423,-0.03514525659684078
-0.028654902971281683,-0.033574927426275214
-0.033189481594780246,-0.03197877687545501
-0.0374239172018329,-0.030660993083784338
-0.04119899587094187,-0.028885147241417112
-0.04447433834964278,-0.026941570868644956
0.020114425099148257,-0.03987955145589689
0.018839753006415803,-0.03713871802380243
0.01979882395989747,-0.03925908946052643
0.020760071476679895,-0.041596848038275444
0.02165465995783072,-0.04379728801334962
0.021652511458476863,-0.046189263527449134
0.02194749649245395,-0.03984123503485168
0.02326750147680956,-0.042188755115507376
0.024452160416596626,-0.04425125217575541
0.024710661700314274,-0.046452445326805564
-0.013100886709907666,0.03744359553079973
-0.014436321267776091,0.03962506682144928
-0.015577732457888514,0.04131357501053458
-0.016912613809104873,0.03806361443242947
-0.018334540405053484,0.03459066276740363
-0.019889829286662667,0.030939615580811836
-0.02154610767791981,0.02716614589799134
-0.023298901451582137,0.023300826764947633
-0.02521516089768344,0.01937104865067142
-0.02725212731778112,0.015440800592556904
-0.029411435198509975,0.011449202790040296
-0.03165506200856667,0.007461253495802276
-0.033931406868390745,0.0034877004044244564
-0.036394611216533215,-0.0003411056702107631
-0.03869420706888001,-0.004227882381957833
-0.04089376625335414,-0.008033733676092525
-0.04292783365923645,-0.01174621873765943
-0.044662836585689675,-0.015294441970225512
-0.046001990852558926,-0.018689451395927065
-0.04684126711326277,-0.021882422586614235
-0.012173548651656643,0.03554457909947988
0.020584207375992564,-0.04168273669846906
0.018785458234515405,-0.029377276574579902
0.020082012352491442,-0.03154343564340748
0.021237298080072905,-0.03407704713894794
0.02239295246001403,-0.03661796185125907
0.02330273554124287,-0.03924165614971466
0.024133149005837688,-0.04182873939733752
0.02235485736321824,-0.03456278052653723
0.02371449501924273,-0.03683815344371705
0.025076396192779345,-0.039120097139417755
0.026250733457613036,-0.04178429648431156
0.027258369896839784,-0.04400354469535279
0.028015908406073722,-0.04594361381830241
0.027331529331682432,-0.047305935591923434
0.026435712534816684,-0.04821324039426427
0.011355886605712259,-0.023131684236908815
0.012182876294239775,-0.02496789226468598
0.013098266719635487,-0.026978856017332933
0.014084386635467438,-0.02914194699567583
0.015098039336870619,-0.031436864942582854
0.016145251538398384,-0.03385105820171001
0.017206251308339252,-0.03634180136532262
0.01824204243234729,-0.038854154393480056
0.019260646571664895,-0.041358038489038136
0.02015662785932028,-0.04376049702411593
0.02094249913076482,-0.046017871982371734
0.011287988617678327,-0.023093181826023518
0.025471342312950836,-0.041625059859192626
0.026888175401023496,-0.04404067807067588
0.02176381600094828,-0.03559030239124433
0.02323431561734218,-0.037863014721905286
0.024645613559723074,-0.04000549220682589
0.025982135296592792,-0.04218969361747277
0.027092117767165868,-0.044182723446219554
0.0173243949245332,-0.03497859320846727
0.018493965032702245,-0.03729433320350919
0.019668626960524436,-0.03955575732971007
0.02078563263416201,-0.04172604293014688
0.019104366164896185,-0.032734288545796554
0.02046175007202418,-0.03495745093164069
0.021798166088943294,-0.0372430567997037
0.023133955957285443,-0.03946327083963027
-0.010351276194100605,0.03916596870010255
-0.011128811655401062,0.04128540569657714
-0.012000639205772136,0.04320251120165379
-0.012939992954660957,0.04485583801183262
-0.014353164663186384,0.04382742883747776
0.010522250620488921,-0.021371044178451072
0.012912662392199138,-0.02716017703589983
0.013927750509879473,-0.029246589481225646
0.014982547581722228,-0.031458504923207085
0.01599152388745976,-0.034065616562397344
0.01711434202958763,-0.03643781121586737
0.020898761386083757,-0.032342292273667764
0.024547158275762426,-0.04000547980638417
-0.010630568456756948,0.03773395823236815
-0.011445737593217013,0.03950498169267113
-0.012330915738361245,0.0411475058459102
-0.01329071637194088,0.042620860038489757
-0.010633739001171826,0.037570725593252384
0.013506915133706237,-0.028431386819525978
0.014564129639030006,-0.030619733888676677
0.015679665068535114,-0.032919223856823325
0.016836370069810695,-0.035297778602148534
0.019225456151740157,-0.037481081476466185
0.020518652280086674,-0.03990589913893215
0.023085027912443053,-0.04211068151482933
0.02432463105422436,-0.04437334333693381
0.025458084956669343,-0.046422945971648345
0.02189350880634805,-0.03530145188205395
0.023392474765234244,-0.03758360670963901
0.024855923303940056,-0.039822798863056875
0.026112926806412896,-0.04191476082414332
0.027172804990530857,-0.04399725392695107
-0.009305676588568703,0.028831802824133102
-0.00998839402606823,0.030753080890252252
-0.010733688477567364,0.03269236799156436
-0.011535736706725246,0.03462212948550383
-0.012421835148348827,0.036497538639851466
-0.01338515884085057,0.03827596930277042
-0.01444000452173471,0.03989968668879467
-0.007918772923962532,0.03911666092999882
-0.008499055170099192,0.04125525903092926
-0.00914400642302018,0.04324833089098082
-0.009862264746250708,0.0446234890477358
-0.010645575066032144,0.045731948639403365
-0.011837273466820026,0.04555432211268587
0.014227650937791112,-0.028319002825732898
0.01530698630102762,-0.03044193482590644
0.016432602147490837,-0.03265060346891578
0.017580245461687995,-0.03492329119794887
0.01868782351305431,-0.03721559211736627
0.019733080125694125,-0.039491075619747816
0.0131930108522277,-0.026305020783960235
0.017561573003452728,-0.03242412259289783
0.01889472562909617,-0.034754531025271984
0.020290365877537887,-0.03713932080132569
0.021683982271301236,-0.03954511723734941
0.02298868400385066,-0.04196088286096982
0.024272937480018714,-0.04425473323182855
0.025439171886976447,-0.046387405423954996
0.016528267065585123,-0.036388158537298036
0.017654704000803944,-0.03878630239167896
0.018769284930415814,-0.04118962857408724
0.01983068423105913,-0.043484794724758205
0.02073376956918811,-0.04567152166737933
0.015506052971245306,-0.033959084404146356
0.016359794130368862,-0.030343998029143084
0.017649143475505374,-0.03259398872180694
0.018980085684854132,-0.03492876237820572
0.020325203580962466,-0.0373300477649117
0.021710512114445454,-0.03973126639248707
0.014569047293967899,-0.023855047545810984
0.01564498682191386,-0.02580289200945139
0.01759050696869378,-0.027652976603418207
0.01881746034954335,-0.029775729583912707
0.02006000426382376,-0.03213499358156677
0.021361981626607844,-0.03450338279811115
0.023716770017272543,-0.036744896970171366
0.014527007012873067,-0.023893124030503393
0.014282553845520954,-0.028231836125925863
0.015374729109787894,-0.030349252942264912
0.016526939928916913,-0.03254781431774134
0.017694017569644838,-0.03481594318446944
0.014362391018594687,-0.02824622672274345
0.015418624519665995,-0.03033722231220749
0.023318841733903684,-0.03733749583387882
0.024799614199032254,-0.03960374091015884
0.020614597188509057,-0.032863049380159354
0.022064799132644784,-0.03511675944004574
0.023514341845819874,-0.0373708386881094
0.02490670287310291,-0.03967053807992558
0.01341346435983882,-0.019492114187016713
0.014437796266103671,-0.02111848896016649
0.015501608591958881,-0.02289633469048686
0.016624647277726667,-0.0248196381708253
0.017798421680176466,-0.026875208037130876
0.018934412691796153,-0.02911121008576341
0.012449375767397386,-0.01800203048736056
0.020531235533548024,-0.034956557169633105
0.021902461392554747,-0.03719926310247163
0.01919459138409462,-0.03274472729111207
0.015397215029076058,-0.03401524959845544
0.013440627228220548,-0.025758471494588094
0.014511979316620018,-0.027787176302711478
0.015649505635780398,-0.029934523504915798
0.016844198669648366,-0.03219648231263498
0.019144621840405572,-0.034328268458932165
0.020494232363530433,-0.03673295841320182
0.021825764767883258,-0.03922053347007893
0.023107440380760385,-0.041710919605523845
0.02433400223193716,-0.04410091017565172
0.025453166132706404,-0.046276323893598946
-0.005736057379585514,0.032424294168944295
-0.0061455510047594055,0.03448065651773502
-0.006586418717510599,0.03652232228758922
-0.007074283502248304,0.038502746545526545
-0.0076120677378986625,0.0402382371976801
-0.008207118550093347,0.04181248535930999
-0.008858503691118472,0.04326739832778352
-0.009845252624109459,0.04478366405846809
0.01724529198014114,-0.02808646659725106
0.01853387325674072,-0.03014325463806754
0.019866883712390836,-0.03227982029372094
0.02114914576624397,-0.03435743354958604
-0.007366311539844782,0.0370301834799264
-0.007904872289073531,0.03921182171920515
-0.008495473748001105,0.041304730826780545
-0.007885614474120667,0.03982299316159034
-0.008489819673029902,0.041507285100820086
-0.007898943682790227,0.03942567314448593
0.017658964041792284,-0.032296049584253375
0.018931405366692827,-0.034567187067641156
0.020287588535301857,-0.036962295000177385
0.02169541768137144,-0.03935710091426557
0.015616225273171774,-0.02995688074655834
0.01676481944456235,-0.03213589006452654
0.01791659589675572,-0.03433630338279387
0.019086950199277326,-0.03657746152518729
0.020056137195209506,-0.03907279298861522
0.020980919695967305,-0.041491785806333795
0.014511210809990049,-0.027892775146827885
-0.006142698443477022,0.03457018555067315
0.017870255549506317,-0.02886012484484738
0.019203242816529572,-0.030999459862966924
0.020572968630497897,-0.03323663563485895
0.02195794323409513,-0.03549829424643905
0.023392517470589198,-0.0377475765715852
0.024837233988717792,-0.03999290176742602
0.026171529718269818,-0.04214245010413726
0.027145022051424633,-0.044124834642087205
0.019361239075616,-0.030530895100358824
0.02069734675919861,-0.03281135926769388
0.022105737312992504,-0.0350816738484427
0.023489445981145423,-0.03738724025070516
0.0163969110258978,-0.03264701416939053
0.01758429868135361,-0.03489162677312783
0.018772220550530554,-0.03716972860058771
0.019942165165213688,-0.039409758838068056
0.014744071459317111,-0.02444030776855085
0.015902354461361085,-0.02636432615856451
0.016037629148758975,-0.026398079819491223
0.017258231672299767,-0.028445628529152996
0.019320893533591062,-0.03047782275603986
0.020709494576080827,-0.03271155922050687
0.022113030515022215,-0.035031985282861625
0.021189034105104424,-0.0394894548084943
0.022594313664759245,-0.04188912706544796
0.02398132360420381,-0.04419712809468434
0.025287191010765524,-0.04633193123410712
-0.012965128768797692,0.04231200853915152
0.016767866677402307,-0.026386861895123945
0.018038028927055656,-0.028405807946714344
0.019509236096092987,-0.02997297717014653
0.020928441948708524,-0.032128243803741796
0.009536094206806654,-0.02580933977537805
0.010303682230414685,-0.027849234072348086
0.011102969858562047,-0.030014831783981875
0.011975582332855629,-0.032288048068236035
0.012855959759639045,-0.034667158880977475
0.013639244906134865,-0.03703375598910342
0.014519276353134077,-0.03986023401658833
0.01537778021541796,-0.04234333614496601
0.01617194995126027,-0.04474451516091401
0.01768875121635417,-0.03232144534986415
0.018999480404918258,-0.03468268785525113
0.02032781306784104,-0.03710387399184397
0.016427947206795995,-0.03006756548702152
0.016452941353616874,-0.030111900144247732
0.015615309992020033,-0.028882003720505416
0.016718365366372036,-0.030936888798498048
0.017939783338715834,-0.03314544027930081
0.019182397824363782,-0.03541039262079715
0.02041221302150589,-0.03771756380971337
0.022950495475009464,-0.03965804742578835
0.018941944556618108,-0.0347617089339778
0.020315514919508504,-0.037157618678088165
0.016358221900365337,-0.025518693690214162
0.017561168948042306,-0.027491436038994777
0.01878138331604215,-0.029587962189933422
0.019986507454817545,-0.031862601310689034
0.021208871075899048,-0.03419872626925365
-0.008497666503378448,0.04060092447253653
-0.00913967099390256,0.04278388657296987
0.01794197527945749,-0.02848782084743751
0.019293008184578676,-0.030610077997117326
0.016527025635441228,-0.028560567923749298
0.017688684333580562,-0.030621137480934507
0.01898949135061478,-0.03282131051541874
0.020324374546609965,-0.03507798171418623
0.021659165467769442,-0.037353002596303614
0.015371770099434957,-0.02652560650530359
0.012273830795457477,-0.02425423653646757
0.01324100461809707,-0.026153735966606476
0.01428602219553558,-0.02816783310840285
0.01532404570560562,-0.030280999153721306
0.016431753571204927,-0.03253578076852937
0.017572900989398007,-0.03484031833891453
0.01874765622361651,-0.037144119340854306
0.019897894842452437,-0.03941731697176238
0.01908290858391148,-0.031029676240079858
0.020498464890314285,-0.0332385120861064
0.02195674531465881,-0.03549430821470504
0.023393179020932006,-0.03776632592444981
0.016383566206704434,-0.03035847384348433
0.017656047299627945,-0.03260559047496656
0.018991190115514082,-0.03493389390181597
0.020364633076752438,-0.03732889879569531
0.02173239200067705,-0.03976068272566895
0.021639996350137098,-0.0373815854771903
0.02296400071795691,-0.0396249004172542
0.012162115014746972,-0.029666597924940134
0.014233087648905365,-0.03164159781038152
0.015328257372217297,-0.0339597423384638
0.01643207136429036,-0.036641760729945336
0.017560943949518328,-0.03907647266618916
0.018691729727027154,-0.04149855064991566
0.019741244243585837,-0.04385451625889893
0.020734880679685725,-0.04605908883512383
0.013507928116434514,-0.021793871965495214
0.015288207211236847,-0.023454867153547276
0.01641574338835275,-0.025297667110434047
0.023282477503901153,-0.03773682082635377
0.02476115782987814,-0.03997784459717898
0.02178892237373404,-0.03546207117842869
0.0217860645090976,-0.035463742697266605
0.013260685932314003,-0.022662619205689516
0.014248592161947776,-0.02441795148015878
0.015372582351713251,-0.02633404302842405
0.016543110235051176,-0.02836906994731159
0.01777918943644144,-0.030507412457895573
0.01904500290443211,-0.03274832660266599
0.020365726851723304,-0.035037749819055705
0.021692794243032658,-0.03735152100045483
-0.009624079954222698,0.03701387355207142
-0.010346632885112244,0.03920057652148665
0.02238638964094656,-0.03708700338051352
0.02390602239878129,-0.039376656038058115
0.025391868781121422,-0.04159886446197389
0.026750157776258054,-0.04402926799580451
0.015563274331584179,-0.02880875828879785
0.016740813767146905,-0.03093431297795265
0.017940093780796952,-0.033155401441789224
0.019177318818390476,-0.03542411834360316
0.02038388513011612,-0.033181864420171986
0.021777848761686727,-0.03546370365998072
0.023252428635400633,-0.0377551250858395
0.02472941354905046,-0.04000338139487082
0.018900949856546927,-0.030698905227410412
0.020321032620875402,-0.032904767765719496
0.021791676469364682,-0.03516449132822111
0.02325409721456205,-0.03745034385083001
0.024694501722601254,-0.03972286190822262
0.010051790064855567,-0.020572952004636633
0.010833106495236935,-0.0222298307461332
0.011698359998694122,-0.024020963197562396
0.013501244104712162,-0.025828410959050106
0.014534928981363668,-0.02785907974219567
0.015613260488413157,-0.03004175503500287
0.016682949138505813,-0.032305504307549394
0.017807894716056902,-0.034600154787905686
0.018929352204571925,-0.036924069394906264
0.020019497660510123,-0.039243393980094056
0.012443396669237619,-0.017987053935626256
0.013406902105160505,-0.019485229774492893
0.013364927335166985,-0.02945238458412124
0.014414536448874669,-0.031667564994372795
0.015495076479591079,-0.034010543400004506
0.016608568833531904,-0.03641432382434614
0.01888217365863799,-0.030505751006375877
0.020287284295057408,-0.032693632840504555
0.0217148988335416,-0.03490318966516437
0.023176333447785483,-0.03716757884759331
0.024583843481203523,-0.04001011450611809
0.017552643152826845,-0.02839729753574006
0.01760633408196998,-0.030691068750635316
0.018928503781292547,-0.03287743199451953
0.020279746261974544,-0.03511925622714137
0.0179672015489427,-0.02835725398613597
0.016305381235773988,-0.03274085110092819
0.017557377861282742,-0.03509113684383484
0.01884859570733836,-0.037492169468558566
0.02014332339058105,-0.03991008560650124
0.014402631220636765,-0.024465124897061194
0.015539256169805681,-0.026353184951488882
0.016716980555188582,-0.028370323748901687
0.017983497671323234,-0.030501755108793317
0.019284557277669943,-0.03269513874004462
0.020588854085530288,-0.034934335602671174
0.011108120167103032,-0.020084568542454342
0.011980502309983787,-0.021718758711650875
0.012873413560752476,-0.023439341743060903
0.013863392998378046,-0.025327813834753292
0.014910310597369174,-0.027334085915539093
0.015941004725608856,-0.029440709151246663
0.01700260670074389,-0.03153924986283322
0.018034968237147068,-0.034056989570564106
0.014638301974108273,-0.027878357709407567
0.015743714594442848,-0.029995157323504145
0.01695559871195738,-0.03226228294524943
0.018216445743453737,-0.034564468548897526
0.01953498345957618,-0.036932832500443234
0.020796273042319218,-0.03941572374846877
0.022065232941400323,-0.0417501159784881
0.02331488027127124,-0.044237577064422336
0.024370095511629945,-0.046288631728470205
0.014190263119305983,-0.021697224514153225
0.015249761667310945,-0.023488017410771726
0.016789165420947934,-0.02864494119715373
0.018078587429208957,-0.03101899291169714
0.019424407387594315,-0.03324212111952656
0.02074887945479987,-0.03556060865610967
0.022132302563995777,-0.03786444953421073
0.0234672340098774,-0.040165778416987534
0.014128237504478728,-0.023088882646584253
0.015227503525121833,-0.024934578498277574
0.016338523746416495,-0.025987796281887833
0.01755181277658601,-0.028028568933974686
0.018770905310050635,-0.030152815402936337
0.02094657215279229,-0.03227802550111397
0.014137684152319483,-0.023077008688777757
0.016514770136470635,-0.027825828753633527
0.017794702059341805,-0.029925367592519833
0.019163542760080764,-0.03214183002906238
0.02058095860148141,-0.03444522711076165
0.021579809443045467,-0.035173476042512225
0.023044134966552655,-0.03747994221840725
0.024502923513176452,-0.03975860778201953
0.025914412683454183,-0.041965299527308784
0.011294276481883015,-0.023297842449572434
0.012165785663576175,-0.025101011078838442
0.013060002034500817,-0.02705543107065373
0.01405847088672535,-0.029184991129686443
0.01281475647776584,-0.02029346290679327
0.01382300607508086,-0.021981471439742998
0.01555624693527135,-0.023762985122395778
0.01676124973529843,-0.025717805082946285
0.017684042230571732,-0.0277393904334788
0.018995002281111673,-0.02993564336913099
0.020317550941104587,-0.03226758565275125
0.021702226387490905,-0.03464208110758837
0.023102682487273794,-0.03728363981010434
0.024539575542292507,-0.03965679779876097
0.01187872957799836,-0.018740127989596542
0.015329500347901306,-0.02474123283677162
0.01653592353931321,-0.026672205139290025
0.017816719429734475,-0.028717112252038525
0.019127723932023517,-0.030881579260323515
0.020522331974894507,-0.03312358992834521
0.021961176892605135,-0.03542723802721563
0.023408588288806213,-0.037741633884232864
0.024844233119436437,-0.040018845762338266
0.022381091860218374,-0.037066779646364914
0.023893449662836058,-0.03937196161406684
0.025349486119720082,-0.041608376017009695
0.0267321028262755,-0.044040398041008365
-0.0053689682652034495,0.030559758267246762
-0.005736791902758694,0.03254888018933746
-0.006139373593174522,0.03455406717037981
-0.006585058630745759,0.036550104459924126
0.014881966249547846,-0.024116724348847266
0.016006899856777317,-0.025997046787338836
0.01721118628052272,-0.027953192784074727
0.018458458897550944,-0.029985225201581145
0.01976590406622099,-0.03214288203351527
0.02108233910929479,-0.03437332028499375
0.012713154695581274,-0.02396349455835561
0.013739723393806535,-0.025879674483708717
0.0148256134345359,-0.02793797635417466
0.015985805141273658,-0.03011795667353571
0.01599555640693239,-0.03016126171773611
0.017192620399386037,-0.03245318984225804
0.01824972868132975,-0.03474487597824818
0.019523696722642408,-0.03715011433730145
0.02082039487514964,-0.03957893989221384
0.022062982858766927,-0.04199818671559694
0.014789397241957167,-0.03188500087792896
0.015885970152840507,-0.03422568477272094
0.01700841474891173,-0.036579428438192396
0.018152568225757997,-0.03898563424168041
-0.009191305175500491,0.03245164043349652
-0.009870287272775585,0.03455244395357375
-0.010604237940534783,0.0366470495632952
-0.01141123015308562,0.03868085133408069
-0.012291531602406276,0.04056474853836093
-0.01325502803886714,0.042309199089852874
-0.006402650052734571,0.03332221835859425
-0.0068550615678100784,0.03543456252665472
-0.007351361254972855,0.03753253068398791
-0.007894330380912546,0.03957237046406427
0.015590442532568081,-0.02883175525714285
0.019247984056722373,-0.030421217600734143
0.02064674793301358,-0.03262707021265211
0.02208523314190836,-0.034872258410795345
0.023540056614304708,-0.0373839079264176
0.017917903216901288,-0.028338484089177208
-0.007494406063310749,0.02821329646832924
-0.00801494109453173,0.030099045612417014
-0.008592381691907673,0.03202653583248525
-0.009201503817540186,0.033932651674435925
-0.009885273199832503,0.035856344997775805
0.017752825187248134,-0.034684140756437026
0.016587607037371617,-0.03246430129271305
0.01553265866087208,-0.030410628470468878
0.010111654395527537,-0.017507388259545887
0.010881711495991042,-0.019038790153425907
0.011258139879341853,-0.019316438428273835
0.012067149801372348,-0.02100420056766608
0.012956283249579925,-0.022863383764666137
0.013916769471876606,-0.0248501169416162
0.014904714182681135,-0.02696051058330041
0.01593004614158073,-0.029206389295561592
0.009379739585199392,-0.01612774387577195
0.009385276247570833,-0.01612834126948041
0.020792959788771985,-0.03235629722304764
0.02223923835099013,-0.034581170245772334
0.01726368897779703,-0.03491501060814987
0.01845323247265438,-0.037204320398248045
0.019571169712243184,-0.039540171137903125
0.020689500897105455,-0.0417859163639029
0.012066600787020666,-0.021175912111433198
0.013036795105150873,-0.022881251312600676
0.01406826063744811,-0.024727868383157377
0.015181143218549586,-0.026695398552400586
0.016351975111198683,-0.028787305143235985
0.0175431344081043,-0.03102071895969734
0.018799377425852602,-0.03330687875919279
0.019188837225651446,-0.03491193175257559
0.020404040461298872,-0.037270251114960365
0.021559651570995788,-0.03991058469192338
0.012310158627459695,-0.021750840460106637
0.013296959357095973,-0.02350814489533443
0.014335553042034252,-0.02537289217806238
0.015442575343319102,-0.027421354581915674
0.016633905464759475,-0.029595764043943026
0.01788614268883632,-0.03187918220500825
0.019177750395263937,-0.034298622946563856
0.013982475050927154,-0.0222440539554644
0.015088447293874409,-0.0240151400636018
0.01627740561776977,-0.025937148933821215
0.017521574240305836,-0.028154160449277172
0.018862719569329073,-0.030320480170232544
0.02027105180944639,-0.03258261878066883
0.02171742414537034,-0.034920784542892276
0.023162499184027276,-0.03730042122903631
0.02464122728765152,-0.0396458277289212
0.02600003352816236,-0.04197289504272604
0.016354177271731645,-0.032967223536964664
0.01753895527695164,-0.035230968846675016
0.018743282923892768,-0.03751538275409429
0.01971467066430193,-0.03962284235267622
0.01808229513664343,-0.03239032468770756
0.019443044013887877,-0.03469359584428409
0.020448775180609897,-0.035397898832743954
0.021801459989007933,-0.0377832432598841
0.022959164475172333,-0.03995259152992036
0.024290130053334958,-0.04218431134511724
0.016769303511555637,-0.02655883931794489
0.018052958832800226,-0.028582451998420296
0.019408496891832355,-0.030704551135669885
0.020789363317427565,-0.032882626491660155
0.022127924547526795,-0.035060793587770936
0.0177694272933589,-0.028812340586485366
0.01909823868100349,-0.030947894135510856
0.020491729554620263,-0.03318051381207716
0.021924510595589183,-0.035467903849176814
0.02338597560111338,-0.03774581940095857
0.015185951504812546,-0.023683234291215844
0.016347871131818435,-0.0255869386664481
0.017555199148727534,-0.027602161949284432
0.015181470183457082,-0.023688678650586957
0.019519732488163744,-0.03017608200255289
0.020788279498639806,-0.032378763158643235
0.022249923568892403,-0.034595864012305744
0.019885928782229622,-0.03685325887120091
0.02128020536032613,-0.039283883244055774
0.022690521140472104,-0.041629236493275566
0.024071153544776052,-0.04390213682468777
0.02534837239625305,-0.046367061454532614
0.018839414338846533,-0.03749352307892165
0.020150240096715705,-0.0399329201106967
0.01751066769964846,-0.028842387035191073
0.018857517061405815,-0.03097545678926359
0.020258543362111858,-0.033200639611250145
0.021694378741644062,-0.03547602208342494
0.023141700302715895,-0.03778653901428145
0.024595148380416165,-0.040019740796935564
0.015338769218311791,-0.023177807300180542
0.016484145907488548,-0.025018331219174288
0.01770743732297902,-0.026972332427168226
0.014134765195752675,-0.025874968767657533
0.015247006043986749,-0.02789844525667337
0.016437827710990626,-0.03005290371639849
0.013327258417377237,-0.02581256036744668
0.01435573277814191,-0.027841616153032166
0.015430754935167925,-0.02997850125704628
0.016550890859439716,-0.03220727529041866
0.017677668116011,-0.03451064536538204
0.01877190793463019,-0.03692152978393326
0.011522357967289152,-0.02403471273561878
0.010669907338511243,-0.02225186151954357
0.017747923016292022,-0.028353869744147966
0.019071106874636173,-0.030520057592040312
0.020449908602454426,-0.03274753027031459
0.02190773333916661,-0.03501874456669248
0.023378506121904785,-0.03731582928097872
0.024835863619786187,-0.039591115745323646
0.016477026781459868,-0.026316690261595777
0.017702007966208275,-0.03272684856410718
0.018963087765485498,-0.03498532770999961
0.02034119899655824,-0.037366887756766304
0.012269762922628831,-0.0240779774344343
0.01323683581596534,-0.025970057493632785
0.014267666150879004,-0.02824084020600603
0.015333073424456395,-0.030381689686753564
0.01644031988908575,-0.03263559417603505
0.015501592737220645,-0.030207682092696107
0.016644412819174184,-0.03236564003986411
0.017810235463663927,-0.03457978357533444
0.011767465573689323,-0.027674730772142324
0.012691012038903,-0.029793598183743674
0.013652481635985335,-0.03204708373325792
0.015863679020828927,-0.03416958944625188
0.01699693554220736,-0.036560747047325155
0.01814455389295327,-0.03895408443050519
0.014577781631235614,-0.022325946648687135
0.015722214795562614,-0.024095891392576393
0.016260979804384467,-0.025520929253482795
0.01737449885813387,-0.027646228497281277
0.01860463343141475,-0.029733138461832124
-0.007385047431124941,0.03587320371405154
-0.00792260678115267,0.03808513722433372
-0.008511863629814929,0.04022517837791898
-0.009159554660293405,0.04226001610451444
-0.009868981013647428,0.04411381688512837
-0.007384165079395321,0.035874746165835886
0.01889331011767012,-0.03092409419825005
0.020302022870856768,-0.03314173415816173
0.021751356863231566,-0.03541629875620817
0.02320075361387136,-0.03771448315910999
0.01381748755402834,-0.02826485116777801
0.014902320064543869,-0.030382104567196012
0.016029762403163145,-0.03259078982411564
0.01718761358828598,-0.03487424521547525
0.01836672778850312,-0.0371760089584588
0.019521120176713244,-0.0394608728932404
0.020637946831683365,-0.04168151977567073
0.011581932131927914,-0.01646742336488796
0.012476727738458053,-0.017857387172890905
0.01342811703839278,-0.01938400868037097
0.014444257003970134,-0.021049477469061446
0.01550417582892483,-0.02286715295761711
0.01660940406162569,-0.024821900013333394
0.017735842936011808,-0.02689693904401525
0.010746679470392484,-0.015201582181181544
0.022392222248200866,-0.037061014679102965
0.023919236919730573,-0.03934787282002973
0.025349619531629366,-0.04166441751559206
0.02674109745013705,-0.043762016243782786
0.01343805004885506,-0.026098074345758213
0.014474515776663904,-0.028084737231725717
0.01557618586432018,-0.0301761044419341
0.016686546815647643,-0.032478296151230386
0.017823644928182832,-0.03473013756266352
0.018885328994609474,-0.03699839421198955
0.02385046685607923,-0.03966529646826657
0.025340849489933665,-0.041916228910406
0.02672953518262499,-0.04401538296087092
0.010673054284598547,-0.020315003099277498
0.011513178317504431,-0.02196648702695939
0.012420834667269271,-0.023749387213942447
0.013385626190271475,-0.02566440877825748
0.01439388056148908,-0.027705127821627974
0.015439252787920936,-0.029896317844320702
0.01655088770365819,-0.032163562534822124
0.015179398721391903,-0.023670307512172698
0.01634246162859935,-0.025569841548186485
0.0140760790183437,-0.02190125510688129
